search URL:,"https://patents.google.com/?q=AB%3dautonomous&assignee=Apple*,Google*,Waymo*,Tesla*,Ford*,General*&before=filing:20170318",,,,,,,
id,title,assignee,inventor/author,priority date,filing/creation date,publication date,grant date,result link
US5686888A,Use of mutter mode in asset tracking for gathering data from cargo sensors ,General Electric Company,"Brakeley Welles II Kenneth, John Erik Hershey",6/7/95,6/7/95,11/11/97,11/11/97,https://patents.google.com/patent/US5686888A/en
US5742141A,Semi-autonomous parking control system for a vehicle providing tactile feedback to a vehicle operator ,Ford Motor Company,James L. Czekaj,6/4/96,6/4/96,4/21/98,4/21/98,https://patents.google.com/patent/US5742141A/en
US5867801A,Remote asset monitoring system ,General Railway Signal Corporation,Joseph M. Denny,1/11/96,1/11/96,2/2/99,2/2/99,https://patents.google.com/patent/US5867801A/en
US6718368B1,System and method for content-sensitive automatic reply message generation for text-based asynchronous communications ,"General Interactive, Inc.",V. A. Shiva Ayyadurai,6/1/99,6/3/99,4/6/04,4/6/04,https://patents.google.com/patent/US6718368B1/en
US7730338B2,Interface circuit system and method for autonomously performing power management operations in conjunction with a plurality of memory circuits ,Google Inc.,"Suresh Natarajan Rajan, Keith R. Schakel, Michael John Sebastian Smith, David T. Wang, Frederick Daniel Weber",7/31/06,4/29/08,6/1/10,6/1/10,https://patents.google.com/patent/US7730338B2/en
US5966441A,Method and apparatus for creating a secure autonomous network entity of a network component system ,"Apple Computer, Inc.",Pablo M. Calamera,11/18/96,11/18/96,10/12/99,10/12/99,https://patents.google.com/patent/US5966441A/en
US7125383B2,"Method and apparatus for ultrasonic continuous, non-invasive blood pressure monitoring ",General Electric Company,"Ralph T. Hoctor, Kai E. Thomenius, Aaron Mark Dentinger, Jeremy William McCarter",12/30/03,12/30/03,10/24/06,10/24/06,https://patents.google.com/patent/US7125383B2/en
US4767084A,Autonomous stationkeeping for three-axis stabilized spacecraft ,Ford Aerospace & Communications Corporation,"Fred N. Chan, Wallace E. Reimche",9/18/86,9/18/86,8/30/88,8/30/88,https://patents.google.com/patent/US4767084A/en
US8078349B1,Transitioning a mixed-mode vehicle to autonomous mode ,Google Inc.,"Luis Ricardo Prada Gomez, Nathaniel Fairfield, Andy Szybalski, Philip Nemec, Christopher Urmson",5/11/11,5/11/11,12/13/11,12/13/11,https://patents.google.com/patent/US8078349B1/en
US8660734B2,System and method for predicting behaviors of detected objects ,Google Inc.,"Jiajun Zhu, David I. Ferguson, Dmitri A. Dolgov",10/5/10,10/3/11,2/25/14,2/25/14,https://patents.google.com/patent/US8660734B2/en
US8094128B2,Channel scan logic ,Apple Inc.,"Minh-Dieu Thi Vu, Thomas James Wilson, Christoph Horst Krah",1/3/07,1/3/07,1/10/12,1/10/12,https://patents.google.com/patent/US8094128B2/en
US6517172B1,Driver augmented autonomous braking system ,"Ford Global Technologies, Inc.","John Vincent Bond, III, Gerald H Engelman, Jonas Ekmark, Jonas L. Z. Jansson, M. Nabeel Tarabishy, Levasseur Tellis",11/8/01,11/8/01,2/11/03,2/11/03,https://patents.google.com/patent/US6517172B1/en
US20080162996A1,Multi-touch auto scanning ,"Apple, Inc.","Christoph Horst Krah, Minh-Dieu Thi Vu, Thomas James Wilson",1/3/07,1/3/07,7/3/08,,https://patents.google.com/patent/US20080162996A1/en
US20080162027A1,Robotic driving system ,"Robotic Research, Llc, General Dynamics Robotic Systems","Karl MURPHY, Alberto LACAZE, Mark DEL GIORNO",12/29/06,10/4/07,7/3/08,,https://patents.google.com/patent/US20080162027A1/en
EP0131843A1,"Expression vectors for enhanced production of polypeptides, plasmids containing the vectors, hosts containing the plasmids, products manufactured thereby and related methods ",Bio-Technology General Corporation,"Haim Aviv, Marian Gorecki, Avigdor Levanon, Amos Oppenheim, Tikva Vogel, Elisha Zeelon, Menachem Zeevi",7/15/83,7/3/84,1/23/85,,https://patents.google.com/patent/EP0131843A1/en
US8295778B2,Channel rank feedback in multiple-input multiple-output communication systems ,Apple Inc.,"Jayesh H. Kotecha, James W. McCoy",1/11/08,1/9/09,10/23/12,10/23/12,https://patents.google.com/patent/US8295778B2/en
US4298178A,Roving geosynchronous orbit satellite maintenance system ,General Dynamics,Edward J. Hujsak,1/10/80,1/10/80,11/3/81,11/3/81,https://patents.google.com/patent/US4298178A/en
US8457827B1,Modifying behavior of autonomous vehicle based on predicted behavior of other vehicles ,Google Inc.,"David I. Ferguson, Dmitri A. Dolgov",3/15/12,3/15/12,6/4/13,6/4/13,https://patents.google.com/patent/US8457827B1/en
US8346426B1,User interface for displaying internal state of autonomous driving system ,Google Inc.,"Andrew Szybalski, Luis Ricardo Prada Gomez, Philip Nemec, Christopher Urmson, Sebastian Thrun",4/28/10,4/28/10,1/1/13,1/1/13,https://patents.google.com/patent/US8346426B1/en
US8849494B1,Data selection by an autonomous vehicle for trajectory modification ,Google Inc.,"Joshua Seth Herbach, Nathaniel Fairfield, Peter Colijn",3/15/13,3/15/13,9/30/14,9/30/14,https://patents.google.com/patent/US8849494B1/en
US20140303827A1,Systems and Methods for Transitioning Control of an Autonomous Vehicle to a Driver ,Google Inc.,"Dmitri Dolgov, Andrew Schultz, Daniel Trawick Egnor, Christopher Urmson",4/5/13,4/5/13,10/9/14,,https://patents.google.com/patent/US20140303827A1/en
US6523912B1,Autonomous emergency braking system ,"Ford Global Technologies, Inc.","John Vincent Bond, III, Gerald H Engelman, Jonas Ekmark, Jonas L. Z. Jansson, M. Nabeel Tarabishy, Levasseur Tellis",11/8/01,11/8/01,2/25/03,2/25/03,https://patents.google.com/patent/US6523912B1/en
US8718861B1,Determining when to drive autonomously ,Google Inc.,"Michael Steven Montemerlo, Hyman Jack Murveit, Christopher Paul Urmson, Dmitri A. Dolgov, Philip Nemec",4/11/12,4/11/12,5/6/14,5/6/14,https://patents.google.com/patent/US8718861B1/en
US8527199B1,Automatic collection of quality control statistics for maps used in autonomous driving ,Google Inc.,"Donald Jason Burnette, Andrew Hughes Chatham, Matthew Paul McNaughton",5/17/12,5/17/12,9/3/13,9/3/13,https://patents.google.com/patent/US8527199B1/en
US20130253754A1,Robust Method for Detecting Traffic Signals and their Associated States ,Google Inc.,"David I. Ferguson, Nathaniel Fairfield, Anthony Levandowski",3/26/12,3/26/12,9/26/13,,https://patents.google.com/patent/US20130253754A1/en
US20050143640A1,"Method and apparatus for ultrasonic continuous, non-invasive blood pressure monitoring ",General Electric Company,"Ralph Hoctor, Kai Thomenius, Aaron Dentinger",12/30/03,9/23/04,6/30/05,,https://patents.google.com/patent/US20050143640A1/en
US7266532B2,Reconfigurable autonomous device networks ,The General Hospital Corporation,"Jeffrey P. Sutton, Ian MacQueen Drummond Jamieson",6/1/01,6/3/02,9/4/07,9/4/07,https://patents.google.com/patent/US7266532B2/en
US8521352B1,Controlling a vehicle having inadequate map data ,Google Inc.,"David I. Ferguson, Dmitri A. Dolgov",5/7/12,5/7/12,8/27/13,8/27/13,https://patents.google.com/patent/US8521352B1/en
US20110075835A1,Self adapting haptic device ,Apple Inc.,Matthew Hill,9/30/09,3/30/10,3/31/11,,https://patents.google.com/patent/US20110075835A1/en
US8195394B1,Object detection and classification for autonomous vehicles ,Google Inc.,"Jiajun Zhu, Michael Steven Montemerlo, Christopher Paul Urmson, Andrew Chatham",7/13/11,7/13/11,6/5/12,6/5/12,https://patents.google.com/patent/US8195394B1/en
US5091817A,Autonomous active clamp circuit ,General Electric Company,"Robert P. Alley, Kevin C. Routh",12/3/84,12/28/87,2/25/92,2/25/92,https://patents.google.com/patent/US5091817A/en
US20140156133A1,Engaging and disengaging for autonomous driving ,Google Inc.,"Brian Cullinane, Philip Nemec, Manuel Christian Clement, Robertus Christianus Elisabeth Mariet, Lilli Ing-Marie JONSSON",11/30/12,3/11/13,6/5/14,,https://patents.google.com/patent/US20140156133A1/en
US7647178B2,Method and system for forward collision avoidance in an automotive vehicle ,"Ford Global Technologies, Llc","Jonas Ekmark, Jonas Jansson",4/29/05,4/28/06,1/12/10,1/12/10,https://patents.google.com/patent/US7647178B2/en
US8880270B1,Location-aware notifications and applications for autonomous vehicles ,Google Inc.,"Dave Ferguson, Jiajun Zhu, Manuel Christian Clement",1/8/13,1/8/13,11/4/14,11/4/14,https://patents.google.com/patent/US8880270B1/en
US20130013713A1,Automated agent for social media systems ,Google Inc.,Yoav Shoham,1/22/10,9/14/12,1/10/13,,https://patents.google.com/patent/US20130013713A1/en
US20050049775A1,Distributed engine control system and method ,General Electric Company,Thomas Mooney,8/29/03,8/29/03,3/3/05,,https://patents.google.com/patent/US20050049775A1/en
US20080208057A1,Method and apparatus for non-invasive ultrasonic fetal heart rate monitoring ,General Electric Company,"Ralph T. Hoctor, Kai E. Thomenius",5/4/04,4/28/08,8/28/08,,https://patents.google.com/patent/US20080208057A1/en
US20150066284A1,Autonomous vehicle control for impaired driver ,"Ford Global Technologies, Llc",Wilford Trent Yopp,9/5/13,9/5/13,3/5/15,,https://patents.google.com/patent/US20150066284A1/en
US20130171590A1,"System, method, and computer software code for instructing an operator to control a powered system having an autonomous controller ",General Electric Company,Ajith Kuttannair Kumar,3/20/06,2/27/13,7/4/13,,https://patents.google.com/patent/US20130171590A1/en
US8874301B1,Autonomous vehicle with driver presence and physiological monitoring ,"Ford Global Technologies, Llc","Manoharprasad K. Rao, Mark A. Cuddihy, Jialiang Le",7/9/13,7/9/13,10/28/14,10/28/14,https://patents.google.com/patent/US8874301B1/en
US6389312B1,Method and system having simplified neuromuscular transmission scoring ,General Electric Company,David Wayne Duckert,7/21/00,7/21/00,5/14/02,5/14/02,https://patents.google.com/patent/US6389312B1/en
US20130245877A1,Actively Modifying a Field of View of an Autonomous Vehicle in View of Constraints ,Google Inc.,"David I. Ferguson, Jiajun Zhu",3/16/12,3/16/12,9/19/13,,https://patents.google.com/patent/US20130245877A1/en
US20130184926A1,Autonomous lane control system ,"Ford Global Technologies, Llc","Dorian Jack Spero, Thomas Edward Pilutti, Matthew Y. Rupp, Peter Gyumyeong Joh",1/17/12,1/17/12,7/18/13,,https://patents.google.com/patent/US20130184926A1/en
US9315212B1,Trailer sensor module and associated method of wireless trailer identification and motion estimation ,"Ford Global Technologies, Llc","Christos Kyrtsos, Thomas Edward Pilutti, Erick Michael Lavoie",10/13/14,12/8/14,4/19/16,4/19/16,https://patents.google.com/patent/US9315212B1/en
US20130197736A1,Vehicle control based on perception uncertainty ,Google Inc.,"Jiajun Zhu, Dmitri A. Dolgov, David I. Ferguson",1/30/12,1/30/12,8/1/13,,https://patents.google.com/patent/US20130197736A1/en
US20140032093A1,Collision detection system with a plausibiity module ,"Ford Global Technologies, Llc",Aaron L. Mills,7/30/12,8/29/12,1/30/14,,https://patents.google.com/patent/US20140032093A1/en
EP0173280A1,"Plasmids containing lambda Pl promoter, and engineered restriction site for convenient replacement of ribosomal binding site, hosts containing the plasmids and related methods ",Bio-Technology General Corporation,"Haim Aviv, Daniel Bartfeld, Marian Gorecki, Jacob R. Hartman, Dov Kanner, Avigdor Levanon, Hilla Locker-Giladi, Amos B. Oppenheim",8/27/84,8/26/85,3/5/86,,https://patents.google.com/patent/EP0173280A1/en
US8504233B1,Safely navigating on roads through maintaining safe distance from other vehicles ,Google Inc.,"David I. Ferguson, Dmitri Dolgov",4/27/12,4/27/12,8/6/13,8/6/13,https://patents.google.com/patent/US8504233B1/en
US8382485B2,Methods and apparatus for providing realistic medical training ,The General Hospital Corporation,"Ryan Scott Bardsley, Mark Peter Ottensmeyer, Joseph Thomas Samosky, Steven L. Dawson",9/29/05,9/28/06,2/26/13,2/26/13,https://patents.google.com/patent/US8382485B2/en
US20120310466A1,Sensor field selection ,Google Inc.,"Nathaniel Fairfield, Jiajun Zhu, Dmitri A. Dolgov",6/1/11,6/1/11,12/6/12,,https://patents.google.com/patent/US20120310466A1/en
US5256546A,Bacterial expression of porcine growth hormone ,Bio-Technology General Corp.,"Haim Aviv, Marian Gorecki, Avigdor Levanon, Amos Oppenheim, Tikva Vogel, Elisha Zeelon, Menachem Zeevi",7/15/83,2/24/92,10/26/93,10/26/93,https://patents.google.com/patent/US5256546A/en
US7555092B2,System and method for continuous optimization of control-variables during operation of a nuclear reactor ,General Electric Company,"Earl Russell II William, David Joseph Kropaczek, Glen Alan Watford",11/7/01,6/30/03,6/30/09,6/30/09,https://patents.google.com/patent/US7555092B2/en
US8949016B1,Systems and methods for determining whether a driving environment has changed ,Google Inc.,"David I. Ferguson, Dmitri A. Dolgov",9/28/12,9/28/12,2/3/15,2/3/15,https://patents.google.com/patent/US8949016B1/en
US20150248131A1,Remote Assistance for Autonomous Vehicles in Predetermined Situations ,Google Inc.,"Nathaniel Fairfield, Joshua Seth Herbach, Vadim Furman",3/3/14,3/3/14,9/3/15,,https://patents.google.com/patent/US20150248131A1/en
US20140088855A1,Determining changes in a driving environment based on vehicle behavior ,Google Inc.,David I. Ferguson,9/27/12,9/27/12,3/27/14,,https://patents.google.com/patent/US20140088855A1/en
US20130325241A1,Inferring State of Traffic Signal and Other Aspects of a Vehicle's Environment Based on Surrogate Data ,Google Inc.,"Peter Lombrozo, Eric Teller, Bradley Templeton",6/1/12,6/1/12,12/5/13,,https://patents.google.com/patent/US20130325241A1/en
US20110077055A1,Self adapting alert device ,Apple Inc.,"Dave Pakula, Matthew Hill, Ethan Larry Huwe, Fletcher Rothkopf, Richard Hung Minh Dinh",9/30/09,9/30/09,3/31/11,,https://patents.google.com/patent/US20110077055A1/en
US20080317672A1,Detection of anomalies in measurement of level of hypnosis ,The General Electric Company,Hanna E. Viertio-Oja,6/20/07,6/20/07,12/25/08,,https://patents.google.com/patent/US20080317672A1/en
US5637495A,"Plasmids for production of human growth hormone or polypeptide analog thereof, hosts containing the plasmids, products manufactured thereby, and related methods ",Bio-Technology General Corp.,"Marian Gorecki, Avigdor Levanon, Amos Oppenheim, Tikva Vogel",7/15/83,11/14/94,6/10/97,6/10/97,https://patents.google.com/patent/US5637495A/en
US8996224B1,Detecting that an autonomous vehicle is in a stuck condition ,Google Inc.,"Joshua Seth Herbach, Nathaniel Fairfield",3/15/13,3/15/13,3/31/15,3/31/15,https://patents.google.com/patent/US8996224B1/en
US8825265B1,Approach for consolidating observed vehicle trajectories into a single representative trajectory ,Google Inc.,"David I. Ferguson, Jiajun Zhu",3/16/12,3/16/12,9/2/14,9/2/14,https://patents.google.com/patent/US8825265B1/en
US20110013220A1,Application server for use with a modular imaging system ,General Electric Company,"John Michael Sabol, James Zhengshe Liu, Rajeev Ramankutty Marar, Kadri Nizar Jabri, Gopal Biligeri Avinash, Chuande Liu, Tan Liu",7/20/09,7/20/09,1/20/11,,https://patents.google.com/patent/US20110013220A1/en
US8700251B1,System and method for automatically detecting key behaviors by vehicles ,Google Inc.,"Jiajun Zhu, David I. Ferguson, Dmitri A. Dolgov",4/13/12,4/13/12,4/15/14,4/15/14,https://patents.google.com/patent/US8700251B1/en
US8761991B1,Use of uncertainty regarding observations of traffic intersections to modify behavior of a vehicle ,Google Inc.,"David I. Ferguson, Nathaniel Fairfield",4/9/12,4/9/12,6/24/14,6/24/14,https://patents.google.com/patent/US8761991B1/en
US8712624B1,Positioning vehicles to improve quality of observations at intersections ,Google Inc.,"Dave Ferguson, Nathaniel Fairfield, Bradley Templeton",4/6/12,4/6/12,4/29/14,4/29/14,https://patents.google.com/patent/US8712624B1/en
US8880272B1,Approach for estimating the geometry of roads and lanes by using vehicle trajectories ,Google Inc.,"David I. Ferguson, Dmitri A. Dolgov",3/16/12,3/16/12,11/4/14,11/4/14,https://patents.google.com/patent/US8880272B1/en
US20090118606A1,Medical imaging system ,General Electric Company,"Kadri Nizar Jabri, Rajeev Ramankutty Marar, Ferry Tamtoro, Gopal Biligeri Avinash, John Michael Sabol",11/2/07,11/2/07,5/7/09,,https://patents.google.com/patent/US20090118606A1/en
US20140330479A1,Predictive Reasoning for Controlling Speed of a Vehicle ,Google Inc.,"Dmitri Dolgov, Dave Ferguson",5/3/13,5/3/13,11/6/14,,https://patents.google.com/patent/US20140330479A1/en
WO2000071445A1,Method and apparatus for a modular conveyor control system ,"Middlesex General Industries, Inc.","Adrian L. Pyke, Warren J. Clement",5/20/99,5/19/00,11/30/00,,https://patents.google.com/patent/WO2000071445A1/en
US8825259B1,Detecting lane closures and lane shifts by an autonomous vehicle ,Google Inc.,David I. Ferguson,6/21/13,6/21/13,9/2/14,9/2/14,https://patents.google.com/patent/US8825259B1/en
US9201421B1,Assisted perception for autonomous vehicles ,Google Inc.,"Nathaniel Fairfield, Josh Seth Herbach, Vadim Furman",11/27/13,4/16/14,12/1/15,12/1/15,https://patents.google.com/patent/US9201421B1/en
US20150149017A1,Autonomous vehicle modes ,"Ford Global Technologies, Llc","Christopher Attard, Shane Elwart, Jeff Allen Greenberg, Rajit Johri, John P. Joyce, Devinder Singh Kochhar, Douglas Scott Rhode, John Shutko, Louis Tijerna, Eric Hongtei Tseng, Wilford Trent Yopp",11/22/13,11/22/13,5/28/15,,https://patents.google.com/patent/US20150149017A1/en
EP1930416A1,Novel recombinant human hepatitis c virus-like particle and method for producing the same ,"JAPAN as represented by DIRECTOR GENERAL OF NATIONAL INSTITUTE OF INFECTIOUS DISEASES, Tokyo Metropolitan Organization for Medical Research, Toray Industries, Inc.","Jun-ichi c/o Pharmaceutical Research Laboratories TANABE, Saburo Sone, Takaji Wakita, Koji Ishii, Ryosuke Suzuki, Tetsuro Suzuki, Tatsuo Miyamura",9/30/05,9/29/06,6/11/08,,https://patents.google.com/patent/EP1930416A1/en
US8565958B1,Removing extraneous objects from maps ,Google Inc.,"Michael Steven Montemerlo, Donald Jason Burnette, Andrew Chatham, Daniel Trawick Egnor",6/2/11,6/2/11,10/22/13,10/22/13,https://patents.google.com/patent/US8565958B1/en
US8644273B2,Methods and apparatus for optimization of femtocell network management ,Apple Inc.,"Hyung-Nam Choi, Maik Bienas, Achim Luft",7/1/09,7/1/09,2/4/14,2/4/14,https://patents.google.com/patent/US8644273B2/en
US9188985B1,Suggesting a route based on desired amount of driver interaction ,Google Inc.,"Nicholas Kenneth Hobbs, Lawrence Burns, Brian Cullinane",9/28/12,9/28/12,11/17/15,11/17/15,https://patents.google.com/patent/US9188985B1/en
US8398405B2,"System, method, and computer software code for instructing an operator to control a powered system having an autonomous controller ",General Electric Company,Ajith Kuttannair Kumar,3/20/06,5/28/08,3/19/13,3/19/13,https://patents.google.com/patent/US8398405B2/en
US6516737B2,Autonomous container ship ,Etat Francais Represente Par Le Delegue General Pour L'armement,"Daniel Le Coz, Jean-Yves Le Lan, Daniel Person, Christian Fournier, Sylvain Le Rouzic, Olivier De Smirnoff",4/26/00,4/26/01,2/11/03,2/11/03,https://patents.google.com/patent/US6516737B2/en
US20090083398A1,Autonomous network device configuration method ,"Ford Daniel E, Clark Charles F","Daniel E. Ford, Charles F. Clark",9/24/07,9/24/07,3/26/09,,https://patents.google.com/patent/US20090083398A1/en
US20150149019A1,Autonomous vehicle identification ,"Ford Global Technologies, Llc","Thomas Edward Pilutti, Matt Y. Rupp, Roger Arnold Trombley, Andrew Waldis, Wilford Trent Yopp",11/22/13,11/22/13,5/28/15,,https://patents.google.com/patent/US20150149019A1/en
US5670371A,Bacterial expression of superoxide dismutase ,Bio-Technology General Corp.,"Haim Aviv, Marian Gorecki, Avigdor Levanon, Amos Oppenheim, Jacob Hartman",7/15/83,6/2/95,9/23/97,9/23/97,https://patents.google.com/patent/US5670371A/en
US7557528B2,"System, method, and computer software code for detection and interchangeability of a motor ",General Electric Company,"Ajith K. Kumar, Kevin Jones",9/25/06,9/25/06,7/7/09,7/7/09,https://patents.google.com/patent/US7557528B2/en
US20140309833A1,Mapping active and inactive construction zones for autonomous driving ,Google Inc.,"David I. Ferguson, Donald Jason Burnette",4/10/13,4/10/13,10/16/14,,https://patents.google.com/patent/US20140309833A1/en
US20140081573A1,Detecting road weather conditions ,Google Inc.,"Christopher Paul Urmson, Michael Steven Montemerlo, Jiajun Zhu",9/20/12,9/20/12,3/20/14,,https://patents.google.com/patent/US20140081573A1/en
US20140129073A1,Methods and Systems to Aid Autonomous Vehicles Driving Through a Lane Merge ,Google Inc.,David I. Ferguson,11/6/12,11/6/12,5/8/14,,https://patents.google.com/patent/US20140129073A1/en
US20150254986A1,Reporting Road Event Data and Sharing with Other Vehicles ,Google Inc.,"Nathaniel Fairfield, Joshua Seth Herbach, Andrew Hughes Chatham, Michael Steven Montemerlo",3/4/14,3/4/14,9/10/15,,https://patents.google.com/patent/US20150254986A1/en
US8797146B2,Autonomous battery-free microwave frequency communication system ,Apple Inc.,"Benjamin W. Cook, Axel D. Berny, Jason A. Trachewsky",4/27/10,4/22/11,8/5/14,8/5/14,https://patents.google.com/patent/US8797146B2/en
US5198361A,"Plasmids for production of met-asp-gln bovine growth hormone, hosts containing the plasmids, products manufactured thereby and related methods ",Bio-Technology General Corp.,"Haim Aviv, Marian Gorecki, Avigdor Levanon, Amos Oppenheim, Tikva Vogel, Elisha Zeelon, Menachem Zeevi",7/15/83,1/3/91,3/30/93,3/30/93,https://patents.google.com/patent/US5198361A/en
US8818681B1,Detecting and responding to tailgaters ,Google Inc.,"Dmitri A. Dolgov, Philip Nemec, Anne Aula",7/24/13,7/24/13,8/26/14,8/26/14,https://patents.google.com/patent/US8818681B1/en
US9164511B1,Use of detected objects for image processing ,Google Inc.,"Dave Ferguson, Abhijit Ogale",4/17/13,4/17/13,10/20/15,10/20/15,https://patents.google.com/patent/US9164511B1/en
US8831813B1,Modifying speed of an autonomous vehicle based on traffic conditions ,Google Inc.,"David I. Ferguson, Dmitri A. Dolgov",9/24/12,9/24/12,9/9/14,9/9/14,https://patents.google.com/patent/US8831813B1/en
US8880273B1,System and method for determining position and distance of objects using road fiducials ,Google Inc.,Andrew Hughes Chatham,1/16/13,1/16/13,11/4/14,11/4/14,https://patents.google.com/patent/US8880273B1/en
US6321673B2,Autonomous container ship ,Etat Francais Represente Par Le Delegue General Pour L'armament,"Jean-Yves Lelan, Olivier De Smirnoff, Daniel Person, Christian Gilles Fournier",4/29/97,4/27/98,11/27/01,11/27/01,https://patents.google.com/patent/US6321673B2/en
US8612135B1,Method and apparatus to localize an autonomous vehicle using convolution ,Google Inc.,"Michael Steven Montemerlo, Sebastian Thrun",2/14/12,2/14/12,12/17/13,12/17/13,https://patents.google.com/patent/US8612135B1/en
US9014905B1,Cyclist hand signal detection by an autonomous vehicle ,Google Inc.,"Henrik Kretzschmar, Jiajun Zhu",1/28/14,1/28/14,4/21/15,4/21/15,https://patents.google.com/patent/US9014905B1/en
EP2208654A1,Method and system for avoiding host vehicle collisions with a target ,"Ford Global Technologies, LLC","Mattias BrÌ_nnstrÌ_m, Jonas SJÌ_BERG, Erik Coelingh",1/15/09,1/15/09,7/21/10,,https://patents.google.com/patent/EP2208654A1/en
US20140379247A1,Use of Environmental Information to aid Image Processing for Autonomous Vehicles ,Google Inc.,"David I. Ferguson, Wan-Yen Lo",6/24/13,6/24/13,12/25/14,,https://patents.google.com/patent/US20140379247A1/en
US20140365062A1,Method and apparatus for changing an autonomously travelling motor vehicle to a safe state ,"Ford Global Technologies, Llc",Joseph Andreas Urhahne,4/24/12,4/22/13,12/11/14,,https://patents.google.com/patent/US20140365062A1/en
US20140081507A1,Detecting road weather conditions ,Google Inc.,"Christopher Paul Urmson, Michael Steven Montemerlo, Jiajun Zhu",9/20/12,9/20/12,3/20/14,,https://patents.google.com/patent/US20140081507A1/en
US9120485B1,Methods and systems for smooth trajectory generation for a self-driving vehicle ,Google Inc.,Dmitri Dolgov,9/14/12,9/14/12,9/1/15,9/1/15,https://patents.google.com/patent/US9120485B1/en
US9176500B1,Consideration of risks in active sensing for an autonomous vehicle ,Google Inc.,"Eric Teller, Peter Lombrozo",5/14/12,6/11/14,11/3/15,11/3/15,https://patents.google.com/patent/US9176500B1/en
US9008890B1,Augmented trajectories for autonomous vehicles ,Google Inc.,"Joshua Seth Herbach, Nathaniel Fairfield, Dmitri Dolgov, Peter Colijn, Andrew Chatham",3/15/13,3/15/13,4/14/15,4/14/15,https://patents.google.com/patent/US9008890B1/en
US9014903B1,Determination of object heading based on point cloud ,Google Inc.,"Jiajun Zhu, Dmitri A. Dolgov, Nathaniel Fairfield",5/22/12,5/22/12,4/21/15,4/21/15,https://patents.google.com/patent/US9014903B1/en
US20150089520A1,Unsupervised content replay in live video ,Google Inc.,"Juhyun Lee, Ramesh Sarukkai",10/12/12,10/12/12,3/26/15,,https://patents.google.com/patent/US20150089520A1/en
US20150281066A1,"System and method for software defined routing of traffic within and between autonomous systems with enhanced flow routing, scalability and security ",Google Inc.,"Bikash Koley, Steven Padgett, Ankur Jain, Arjun Singh, Amin Vahdat, Mahesh Kallahalla, Mukarram Tariq",4/1/14,9/5/14,10/1/15,,https://patents.google.com/patent/US20150281066A1/en
US20140300479A1,Method and system for controlling a vehicle during an autonomous control mode ,"Ford Global Technologies, Llc","Stefan Wolter, Florian Golm",4/9/13,4/9/14,10/9/14,,https://patents.google.com/patent/US20140300479A1/en
US20090266678A1,"Clean, high density, soft-accumulating conveyor ","Middlesex General Industries, Inc.",George W. Horn,4/29/08,4/29/09,10/29/09,,https://patents.google.com/patent/US20090266678A1/en
EP1852323A1,Rear end collision mitigation system for an automotive vehicle ,"Ford Global Technologies, LLC","Mattias BrÌ_nnstrÌ_m, Daniel Levin, Christian Grante, Wolfgang Birk, Jonas Jansson, Johan HultÌ©n",5/4/06,5/4/06,11/7/07,,https://patents.google.com/patent/EP1852323A1/en
US8855849B1,Object detection based on known structures of an environment of an autonomous vehicle ,Google Inc.,"David I. Ferguson, Abhijit Ogale",2/25/13,2/25/13,10/7/14,10/7/14,https://patents.google.com/patent/US8855849B1/en
US8736463B1,Object bounding box estimation ,Google Inc.,"Jiajun Zhu, Dirk Haehnel",1/30/12,1/30/12,5/27/14,5/27/14,https://patents.google.com/patent/US8736463B1/en
US9383753B1,Wide-view LIDAR with areas of special attention ,Google Inc.,"Bradley Templeton, Pierre-Yves Droz, Jiajun Zhu",9/26/12,9/26/12,7/5/16,7/5/16,https://patents.google.com/patent/US9383753B1/en
US8838322B1,System to automatically measure perception sensor latency in an autonomous vehicle ,Google Inc.,"Jiajun Zhu, David I. Ferguson",8/14/12,8/14/12,9/16/14,9/16/14,https://patents.google.com/patent/US8838322B1/en
US8874267B1,Avoiding blind spots of other vehicles ,Google Inc.,"Dmitri A. Dolgov, Christopher Paul Urmson",6/20/12,1/9/14,10/28/14,10/28/14,https://patents.google.com/patent/US8874267B1/en
US8676427B1,Controlling autonomous vehicle using audio data ,Google Inc.,"David I. Ferguson, Jiajun Zhu",10/11/12,10/11/12,3/18/14,3/18/14,https://patents.google.com/patent/US8676427B1/en
US9062979B1,Pose estimation using long range features ,Google Inc.,"David I. Ferguson, David Silver",7/8/13,7/8/13,6/23/15,6/23/15,https://patents.google.com/patent/US9062979B1/en
US20130253792A1,Method and Device for Autonomous Braking of a Vehicle Following Collision ,"Ford Global Technologies, Llc","Hassen Hammoud, Jainbo Lu, Gilberto Burgio, Todd N. Clark, Otto Hofmann, Mohsen Lakehal-ayat, Shweta M. Farmer, Jason Shomsky, Roland Schaefer",3/9/12,3/8/13,9/26/13,,https://patents.google.com/patent/US20130253792A1/en
US20150215921A1,Methods And Systems For Enabling Feedback In Wireless Communication Networks ,Apple Inc.,"Hang Zhang, Mo-Han Fong, Peiying Zhu, Jianglei Ma, Wen Tong",6/22/04,4/13/15,7/30/15,,https://patents.google.com/patent/US20150215921A1/en
US20160280267A1,Steering angle control for multiple features ,"Ford Global Technologies, Llc","Erick Michael Lavoie, Darrel Alan Recker, Kirt L. Eschtruth, Bradley G. Hochrein, William James Bouse",3/25/15,3/25/15,9/29/16,,https://patents.google.com/patent/US20160280267A1/en
US20150178998A1,Fault handling in an autonomous vehicle ,"Ford Global Technologies, Llc","Christopher Attard, Shane Elwart, Jeff Allen Greenberg, Rajit Johri, John P. Joyce, Devinder Singh Kochhar, Douglas Scott Rhode, John Shutko, Hongtei Eric Tseng",12/20/13,2/20/14,6/25/15,,https://patents.google.com/patent/US20150178998A1/en
US20150268665A1,Vehicle communication using audible signals ,Google Inc.,"Christopher Ludwick, Clifford Ivar Nass, David I. Ferguson",11/7/13,11/7/13,9/24/15,,https://patents.google.com/patent/US20150268665A1/en
US20150203107A1,Autonomous vehicle precipitation detection ,"Ford Global Technologies, Llc",Mark Allan Lippman,1/17/14,1/17/14,7/23/15,,https://patents.google.com/patent/US20150203107A1/en
US8984151B1,Content developer abuse detection ,Google Inc.,"Sheng Chi Hsieh, Nicolaus Todd Mote, Sharon Lee",2/5/13,2/5/13,3/17/15,3/17/15,https://patents.google.com/patent/US8984151B1/en
US6584923B2,Autonomous container ship with hull incorporating a propulsion system ,Etat Francais Represente Par Le Delegue General Pour L'armament,"Jean-Yves Le Lan, Olivier De Smirnoff, Daniel Person, Christian Gilles Fournier",4/29/97,4/27/98,7/1/03,7/1/03,https://patents.google.com/patent/US6584923B2/en
US9336436B1,Methods and systems for pedestrian avoidance ,Google Inc.,Jonathan Baldwin Dowdall,9/30/13,9/30/13,5/10/16,5/10/16,https://patents.google.com/patent/US9336436B1/en
US9097800B1,Solid object detection system using laser and radar sensor fusion ,Google Inc.,Jiajun Zhu,10/11/12,10/11/12,8/4/15,8/4/15,https://patents.google.com/patent/US9097800B1/en
US9201424B1,Camera calibration using structure from motion techniques ,Google Inc.,Abhijit Ogale,8/27/13,8/27/13,12/1/15,12/1/15,https://patents.google.com/patent/US9201424B1/en
US9315192B1,Methods and systems for pedestrian avoidance using LIDAR ,Google Inc.,"Jiajun Zhu, Peter Morton",9/30/13,9/30/13,4/19/16,4/19/16,https://patents.google.com/patent/US9315192B1/en
US9280710B1,Bus detection for an autonomous vehicle ,Google Inc.,"David Ian Franklin Ferguson, Wan-Yen Lo",3/13/14,3/13/14,3/8/16,3/8/16,https://patents.google.com/patent/US9280710B1/en
US9008961B2,Determining and displaying auto drive lanes in an autonomous vehicle ,Google Inc.,"Philip Nemec, Brian Cullinane, Manuel Christian Clement, Robertus Christianus Elisabeth Mariet",11/30/12,3/11/13,4/14/15,4/14/15,https://patents.google.com/patent/US9008961B2/en
US9172245B1,Intelligent electrical outlet for collective load control ,Sandia Corporation,"Anthony L. Lentine, Justin R. Ford, Shannon V. Spires, Steven Y. Goldsmith",12/6/10,9/14/12,10/27/15,10/27/15,https://patents.google.com/patent/US9172245B1/en
US8930060B1,Post-impact path assist for vehicles ,Ford Global Technologies,"Jianbo Lu, Stephen W. Rouhana",7/15/13,7/15/13,1/6/15,1/6/15,https://patents.google.com/patent/US8930060B1/en
US9195938B1,Methods and systems for determining when to launch vehicles into a fleet of autonomous vehicles ,Google Inc.,"Keith Allen Bonawitz, Bradley Rhodes, Adrien Treuille",12/27/12,12/27/12,11/24/15,11/24/15,https://patents.google.com/patent/US9195938B1/en
US9423498B1,Use of motion data in the processing of automotive radar image processing ,Google Inc.,Adam Brown,9/25/12,9/25/12,8/23/16,8/23/16,https://patents.google.com/patent/US9423498B1/en
US9096150B2,Autonomous vehicle with reconfigurable seats ,"Ford Global Technologies, Llc","Mark A. Cuddihy, Manoharprasad K. Rao, Jialiang Le",11/20/13,11/20/13,8/4/15,8/4/15,https://patents.google.com/patent/US9096150B2/en
US9381916B1,System and method for predicting behaviors of detected objects through environment representation ,Google Inc.,"Jiajun Zhu, David I. Ferguson",2/6/12,2/6/12,7/5/16,7/5/16,https://patents.google.com/patent/US9381916B1/en
US9261590B1,Adaptive algorithms for interrogating the viewable scene of an automotive radar ,Google Inc.,Adam Brown,2/27/13,2/27/13,2/16/16,2/16/16,https://patents.google.com/patent/US9261590B1/en
WO2014047250A1,Detecting road weather conditions ,Google Inc.,"Christopher Paul Urmson, Michael Steven Montemerlo, Jiajun Zhu",9/20/12,9/19/13,3/27/14,,https://patents.google.com/patent/WO2014047250A1/en
US20150166069A1,Autonomous driving style learning ,"Ford Global Technologies, Llc","Gerald H. Engelman, Alex Maurice Miller, Thomas Edward Pilutti, Matt Y. Rupp, Richard Lee Stephenson, Levasseur Tellis, Roger Arnold Trombley, Andrew Waldis, Timothy D. Zwicky",12/18/13,12/18/13,6/18/15,,https://patents.google.com/patent/US20150166069A1/en
US20150149023A1,Modified autonomous vehicle settings ,"Ford Global Technologies, Llc","Christopher Attard, Shane Elwart, Jeff Allen Greenberg, Rajit Johri, Devinder Singh Kochhar, Douglas Scott Rhode, John Shutko, Eric Hongtei Tseng",11/22/13,11/22/13,5/28/15,,https://patents.google.com/patent/US20150149023A1/en
US20150088358A1,Transitioning from autonomous vehicle control to driver control to responding to driver control ,"Ford Global Technologies, Llc",Wilford Trent Yopp,9/24/13,9/24/13,3/26/15,,https://patents.google.com/patent/US20150088358A1/en
US20130166244A1,Supervisor monitoring system ,"Ford Global Technologies, Llc",Thomas Joseph Turgeon,12/27/11,12/27/11,6/27/13,,https://patents.google.com/patent/US20130166244A1/en
US20150012167A1,Control device for an autonomous land vehicle ,"Ford Global Technologies, Llc",Stefan Wolter,7/8/13,7/3/14,1/8/15,,https://patents.google.com/patent/US20150012167A1/en
US20160007240A1,Procedures for 3GPP Circuit Switched Fallback ,Apple Inc.,"Farouk Belghoul, David Boettger, Krisztian Kiss, Dawei Zhang, Tarik Tabet, Rafael L. Rivera-Barreto, Huarui Liang",7/7/14,7/6/15,1/7/16,,https://patents.google.com/patent/US20160007240A1/en
US20150039213A1,Method and apparatus for autonomous movement of a parked motor vehicle ,"Ford Global Technologies, Llc","Frederic Stefan, Uwe Gussen, Erik Alpman, Christoph Arndt",8/2/13,8/4/14,2/5/15,,https://patents.google.com/patent/US20150039213A1/en
US20150149018A1,Wearable computer in an autonomous vehicle ,"Ford Global Technologies, Llc","Christopher Attard, Shane Elwart, Jeff Allen Greenberg, Rajit Johri, John P. Joyce, Devinder Singh Kochhar, Thomas Edward Pilutti, Douglas Scott Rhode, Matt Y. Rupp, John Shutko, Roger Arnold Trombley, Hongtei Eric Tseng, Andrew Waldis",11/22/13,11/22/13,5/28/15,,https://patents.google.com/patent/US20150149018A1/en
US9261881B1,Filtering noisy/high-intensity regions in laser-based lane marker detection ,Google Inc.,"David Ian Franklin Ferguson, David Harrison Silver",8/1/13,8/1/13,2/16/16,2/16/16,https://patents.google.com/patent/US9261881B1/en
US5151364A,"Expression vectors containing lambdapl promoter, T1 T2 RRNA termination sequence, and origin of replication derived from a constitutive high copy number plasmid, and hosts containing the plasmids ",Bio-Technology General Corp.,"Avigdor Levanon, Amos B. Oppenheim, Hilla Locker-Giladi",8/27/84,1/14/92,9/29/92,9/29/92,https://patents.google.com/patent/US5151364A/en
US9400183B1,Method and apparatus to transition between levels using warp zones ,Google Inc.,"Christopher Paul Urmson, Michael Steven Montemerlo, Andrew Hughes Chatham, Daniel Trawick Egnor",11/10/11,1/6/15,7/26/16,7/26/16,https://patents.google.com/patent/US9400183B1/en
US9315178B1,Model checking for autonomous vehicles ,Google Inc.,"David I. Ferguson, Dmitri A. Dolgov, Christopher Urmson",4/13/12,4/13/12,4/19/16,4/19/16,https://patents.google.com/patent/US9315178B1/en
US8781669B1,Consideration of risks in active sensing for an autonomous vehicle ,Google Inc.,"Eric Teller, Peter Lombrozo",5/14/12,5/14/12,7/15/14,7/15/14,https://patents.google.com/patent/US8781669B1/en
US8937987B2,Pulse frequency modulation (PFM) mode lock out for regulators when receive signal quality is low ,Google Technology Holdings LLC,"William P. Alberth, Armin W. Klomsdorf",7/29/11,7/29/11,1/20/15,1/20/15,https://patents.google.com/patent/US8937987B2/en
US20150241878A1,Autonomous driving sensing system and method ,"Ford Global Technologies, Llc","Dale Scott Crombez, Thomas Edward Pilutti, Matt Y. Rupp, Roger Arnold Trombley, Andrew Waldis, Peter Francis Worrel, Wilford Trent Yopp",2/25/14,2/25/14,8/27/15,,https://patents.google.com/patent/US20150241878A1/en
US20150338849A1,Autonomous vehicles ,Google Inc.,"Philip Nemec, Anne Aula, David Tse-Zhou Lu, Brian Cullinane, Calvin Karl Johnson, Albert Shane, Christopher Ludwick, YooJung Ahn",5/23/14,8/8/14,11/26/15,,https://patents.google.com/patent/US20150338849A1/en
US20130173223A1,Automated And Intelligent Structure Design Generation And Exploration ,Google Inc.,"Eric Teller, Augusto Roman, Jennifer Carlile, Nicholas Chim, Bradley Schumitsch",1/2/12,1/2/12,7/4/13,,https://patents.google.com/patent/US20130173223A1/en
US20160207454A1,Haptic vehicle alert based on wearable device ,"Ford Global Technologies, Llc","Mark A. Cuddihy, Manoharprasad K. Rao, Jialiang Le",1/16/15,1/16/15,7/21/16,,https://patents.google.com/patent/US20160207454A1/en
CN201689296U,Wireless remote control electrical product idle power consumption managing device ,ç_è__¡çÓµŒ_ê_Ïä_ªêŒÉÂŒèü,_Èã_¡üŒ´_,12/24/08,12/24/08,12/29/10,12/29/10,https://patents.google.com/patent/CN201689296U/en
US20150100190A1,Monitoring autonomous vehicle braking ,"Ford Global Technologies, Llc",Wilford Trent Yopp,10/9/13,10/9/13,4/9/15,,https://patents.google.com/patent/US20150100190A1/en
US20150149088A1,In-vehicle path verification ,"Ford Global Technologies, Llc","Christopher Attard, Shane Elwart, Jeff Allen Greenberg, Rajit Johri, John P. Joyce, Devinder Singh Kochhar, Thomas Edward Pilutti, Douglas Scott Rhode, Matt Y. Rupp, John Shutko, Roger Arnold Trombley, Louis Tijerina, Hongtei Eric Tseng, Andrew Waldis",11/22/13,11/22/13,5/28/15,,https://patents.google.com/patent/US20150149088A1/en
US20160280258A1,Handwheel obstruction detection and inertia compensation ,"Ford Global Technologies, Llc","Erick Michael Lavoie, Darrel Alan Recker, Michael Richard Johnson",3/25/15,3/25/15,9/29/16,,https://patents.google.com/patent/US20160280258A1/en
US20150175070A1,Affective user interface in an autonomous vehicle ,"Ford Global Technologies, Llc","Christopher Attard, Shane Elwart, Jeff Allen Greenberg, Rajit Johri, Devinder Singh Kochhar, Doug Scott Rhode, John Shutko, Hongtei Eric Tseng",12/20/13,12/20/13,6/25/15,,https://patents.google.com/patent/US20150175070A1/en
US20160082903A1,Automated driving solution gateway ,"Ford Global Technologies, Llc","Terry Haggerty, Randal Henry Visintainer, Paul MASCARENAS",9/19/14,9/19/14,3/24/16,,https://patents.google.com/patent/US20160082903A1/en
US20090089160A1,Geo-Based Hands-Free Calling Minute Awards ,General Motors Corporation,Christopher L. Oesterling,9/28/07,9/28/07,4/2/09,,https://patents.google.com/patent/US20090089160A1/en
US20150094898A1,Vehicle autonomous mode deactivation ,"Ford Global Technologies, Llc","Levasseur Tellis, Timothy D. Zwicky",10/1/13,10/1/13,4/2/15,,https://patents.google.com/patent/US20150094898A1/en
US20130332061A1,Obstacle Evaluation Technique ,Google Inc.,"Jonathan Baldwin Dowdall, Jiajun Zhu",6/6/12,6/6/12,12/12/13,,https://patents.google.com/patent/US20130332061A1/en
JPH06289931A,Autonomous traveling vehicle ,"Fujitsu General Ltd, _Ê»Œ_è___ç__ŒøÎŒ£Ç_Û_‹â_‹Äç‹Ä©‹ÄÇ","Akira Horibe, _÷_ ŒÊÛ_Ä¬",3/31/93,3/31/93,10/18/94,,https://patents.google.com/patent/JPH06289931A/en
US9310804B1,Use of prior maps for estimation of lane boundaries ,Google Inc.,"David Ian Ferguson, David Harrison Silver",11/21/13,11/21/13,4/12/16,4/12/16,https://patents.google.com/patent/US9310804B1/en
US9035452B2,Electronic device cooling with autonomous fluid routing and method of assembly ,General Electric Company,"Stanton Earl Weaver, Hendrik Pieter Jacobus De Bock",8/7/12,8/7/12,5/19/15,5/19/15,https://patents.google.com/patent/US9035452B2/en
US8930126B2,Systems and methods for fuel consumption analysis ,General Electric Company,"David A. Eldredge, Yi Chen, Jerod Svidunovich, Timothy Robert Brown, John W. McElroy",8/31/12,8/31/12,1/6/15,1/6/15,https://patents.google.com/patent/US8930126B2/en
US9436180B1,Location-based privacy ,Google Inc.,"Daniel Fredinburg, Brian Kemler",4/11/14,4/11/14,9/6/16,9/6/16,https://patents.google.com/patent/US9436180B1/en
US9446768B2,System and method for energy optimization in autonomous vehicle operation ,"Ford Global Technologies, Llc","Christopher Attard, Dale Scott Crombez, Jerome Charles Ivan, John P. Joyce, James Robert McBride, Wayne Williams, Paul Joseph Szuszman, Peter Worrel, Hai Yu, John Shutko, Jeff Allen Greenberg, Rajit Johri, Devinder Singh Kochhar, Hongtei Eric Tseng, Douglas Scott Rhode",3/26/14,3/26/14,9/20/16,9/20/16,https://patents.google.com/patent/US9446768B2/en
US9274525B1,Detecting sensor degradation by actively controlling an autonomous vehicle ,Google Inc.,"David I. Ferguson, Jiajun Zhu",9/28/12,9/28/12,3/1/16,3/1/16,https://patents.google.com/patent/US9274525B1/en
US9302595B2,Autonomous charge balancing circuit and method for battery pack ,"Ford Global Technologies, Llc","Benjamin A. Tabatowski-Bush, Tuyen Quoc Tran",1/16/13,1/16/13,4/5/16,4/5/16,https://patents.google.com/patent/US9302595B2/en
US8965691B1,Position and direction determination using multiple single-channel encoders ,Google Inc.,Pete Lombrozo,10/5/12,10/5/12,2/24/15,2/24/15,https://patents.google.com/patent/US8965691B1/en
US9272708B2,Autonomous vehicle entertainment system ,"Ford Global Technologies, Llc","Mark A. Cuddihy, Manoharprasad K. Rao",9/30/13,9/30/13,3/1/16,3/1/16,https://patents.google.com/patent/US9272708B2/en
US9187088B1,Distribution decision trees ,Google Inc.,"David Ian Franklin Ferguson, Abhijit Ogale",8/15/14,12/30/14,11/17/15,11/17/15,https://patents.google.com/patent/US9187088B1/en
US9227531B2,Autonomous vehicle with reconfigurable seats ,"Ford Global Technologies, Llc","Mark A. Cuddihy, Manoharprasad K. Rao",11/20/13,11/20/13,1/5/16,1/5/16,https://patents.google.com/patent/US9227531B2/en
US9335765B2,Autonomous vehicle media control ,"Ford Global Technologies, Llc","Thomas Edward Pilutti, Matthew Y. Rupp, Roger Arnold Trombley, Andrew T. Waldis",10/10/13,10/10/13,5/10/16,5/10/16,https://patents.google.com/patent/US9335765B2/en
US9393961B1,Verifying a target object with reverse-parallax analysis ,Google Inc.,"Bradley Templeton, Nathaniel Fairfield, Dave Ferguson",9/19/12,9/19/12,7/19/16,7/19/16,https://patents.google.com/patent/US9393961B1/en
US9307368B1,Automatically generating and maintaining a floor plan ,Google Inc.,Scott Bartlett,5/14/13,5/14/13,4/5/16,4/5/16,https://patents.google.com/patent/US9307368B1/en
US9435876B2,Autonomous muting indication to enable improved time difference of arrival measurements ,Google Technology Holdings LLC,"Colin D. Frank, Sandeep H. Krishnamurthy",10/5/09,10/23/14,9/6/16,9/6/16,https://patents.google.com/patent/US9435876B2/en
US5081020A,"Expression vectors containing ëÈPL promoter, T1 T2 rRNA termination sequence and origin of replication derived from a constitutive high copy number plasmid hosts and related methods ",Bio-Technology General Corp.,"Avigdor Levanon, Amos B. Oppenheim, Hilla Locker-Giladi",8/27/84,7/18/88,1/14/92,1/14/92,https://patents.google.com/patent/US5081020A/en
US9551992B1,Fall back trajectory systems for autonomous vehicles ,Google Inc.,"Andrew Barton-Sweeney, Daniel Trawick Egnor, Nathaniel Fairfield",1/8/16,1/8/16,1/24/17,1/24/17,https://patents.google.com/patent/US9551992B1/en
US9234184B2,"Nucleic acid construct comprising nucleic acid derived from genome of hepatitis C virus of genotype 1B, hepatitis C virus genome-replicating cells transfected with the same, and method for producing infectious hepatitis C virus particles ","Japan As Represented By Director-General Of National Institute Of Infectious Diseases, Public University Corporation Nagoya City University, Toray Industries, Inc.","Takaji Wakita, Tomoko Date, Yasuhito Tanaka, Masashi Mizokami",3/31/11,3/30/12,1/12/16,1/12/16,https://patents.google.com/patent/US9234184B2/en
US9256852B1,Autonomous delivery platform ,Google Inc.,Jussi Myllymaki,7/1/13,7/1/13,2/9/16,2/9/16,https://patents.google.com/patent/US9256852B1/en
US9527494B2,System and method for adjusting driveline operation ,"Ford Global Technologies, Llc","Chris Paul Glugla, Douglas James McEwan, Garlan J. Huberts",1/26/15,1/26/15,12/27/16,12/27/16,https://patents.google.com/patent/US9527494B2/en
US9261379B1,Intersection completer ,Google Inc.,"Andrew Hughes Chatham, Christopher Paul Urmson",7/12/11,3/6/15,2/16/16,2/16/16,https://patents.google.com/patent/US9261379B1/en
US9442487B1,Classifier hierarchies for traffic light and traffic indicator detection ,Google Inc.,"David Ian Franklin Ferguson, Andreas WENDEL",8/15/14,8/15/14,9/13/16,9/13/16,https://patents.google.com/patent/US9442487B1/en
US9479694B2,Systems and methods for autonomously generating photo summaries ,Google Inc.,"Rodrigo Lima Carceroni, Marius Renn, Alan Newberger, Sascha HÌ_berling, Jacob Mintz, Andrew Huibers",10/28/14,10/28/14,10/25/16,10/25/16,https://patents.google.com/patent/US9479694B2/en
US9349055B1,Real-time image-based vehicle detection based on a multi-stage classification ,Google Inc.,Abhijit Ogale,6/26/13,6/26/13,5/24/16,5/24/16,https://patents.google.com/patent/US9349055B1/en
US8989944B1,Methods and devices for determining movements of an object in an environment ,Google Inc.,"Pratik Agarwal, Jiajun Zhu, Dmitri Dolgov",11/26/13,11/26/13,3/24/15,3/24/15,https://patents.google.com/patent/US8989944B1/en
US9234618B1,Characterizing optically reflective features via hyper-spectral sensor ,Google Inc.,"Jiajun Zhu, David I. Ferguson, Dmitri A. Dolgov, Jonathan Baldwin Dowdall",9/27/12,9/27/12,1/12/16,1/12/16,https://patents.google.com/patent/US9234618B1/en
US9199553B2,Autonomous vehicle with reconfigurable seats ,Ford Global Technologies,"Mark A. Cuddihy, Manoharprasad K. Rao",11/20/13,11/20/13,12/1/15,12/1/15,https://patents.google.com/patent/US9199553B2/en
US9305223B1,Vision-based indicator signal detection using spatiotemporal filtering ,Google Inc.,"Abhijit Ogale, David Ian Franklin Ferguson",6/26/13,6/26/13,4/5/16,4/5/16,https://patents.google.com/patent/US9305223B1/en
US9465388B1,Remote assistance for an autonomous vehicle in low confidence situations ,Google Inc.,"Nathaniel Fairfield, Joshua Seth Herbach",3/3/14,3/3/14,10/11/16,10/11/16,https://patents.google.com/patent/US9465388B1/en
US9523984B1,Methods and systems for determining instructions for pulling over an autonomous vehicle ,Google Inc.,"Joshua Seth Herbach, Nathaniel Fairfield",7/12/13,7/12/13,12/20/16,12/20/16,https://patents.google.com/patent/US9523984B1/en
US9360865B2,Transitioning from autonomous vehicle control to driver control ,"Ford Global Technologies, Llc",Wilford Trent Yopp,9/20/13,9/20/13,6/7/16,6/7/16,https://patents.google.com/patent/US9360865B2/en
US9365218B2,Selectable autonomous driving modes ,"Ford Global Technologies, Llc","Tobias John Pallett, Jeffrey Allen Doering, Anthony David Tsakiris, Kyle Richard Post",7/14/14,7/14/14,6/14/16,6/14/16,https://patents.google.com/patent/US9365218B2/en
US9355562B1,Using other vehicle trajectories to aid autonomous vehicles driving through partially known areas ,Google Inc.,David I. Ferguson,8/14/12,8/14/12,5/31/16,5/31/16,https://patents.google.com/patent/US9355562B1/en
US9527518B2,"System, method and computer software code for controlling a powered system and operational information used in a mission by the powered system ",General Electric Company,"Patricia Sue Lacy, Ajith Kuttannair Kumar, Glenn Robert Shaffer, Jennifer B. Young",3/20/06,4/2/08,12/27/16,12/27/16,https://patents.google.com/patent/US9527518B2/en
EP1488592B1,Apparatus and method for adaptive data transmission ,"Google, Inc.",Peter Parnes,3/26/02,3/24/03,7/11/12,7/11/12,https://patents.google.com/patent/EP1488592B1/en
US9049688B2,Selective auto-accept of full duplex push to talk call ,Google Technology Holdings LLC,"Mitchell E. Renko, David R. Heeschen, Jean Khawand",2/4/13,2/4/13,6/2/15,6/2/15,https://patents.google.com/patent/US9049688B2/en
US9557736B1,Detecting street parked vehicles ,Google Inc.,"David Harrison Silver, Jur Pieter Van Den Berg, Nathaniel Fairfield",,4/8/15,1/31/17,1/31/17,https://patents.google.com/patent/US9557736B1/en
US9495874B1,Automated system and method for modeling the behavior of vehicles and other agents ,Google Inc.,"Jiajun Zhu, David I. Ferguson, Dmitri A. Dolgov",4/13/12,4/13/12,11/15/16,11/15/16,https://patents.google.com/patent/US9495874B1/en
US9178258B1,Split-block construction of waveguide channels for radar frontend ,Google Inc.,Adam Brown,4/19/13,4/19/13,11/3/15,11/3/15,https://patents.google.com/patent/US9178258B1/en
US9527487B2,Failure tolerant vehicle speed ,"Ford Global Technologies, Llc","John P. Joyce, Scott J. Lauffer, Peter Francis Worrel",7/11/14,3/20/15,12/27/16,12/27/16,https://patents.google.com/patent/US9527487B2/en
US9550498B2,Traffic light anticipation ,"Ford Global Technologies, Llc","Jason Meyer, Jeffrey Allen Doering",5/13/14,5/13/14,1/24/17,1/24/17,https://patents.google.com/patent/US9550498B2/en
US9409644B2,Automotive drone deployment system ,"Ford Global Technologies, Llc","Joseph F. Stanek, John A. Lockwood",7/16/14,7/16/14,8/9/16,8/9/16,https://patents.google.com/patent/US9409644B2/en
US9476970B1,Camera based localization ,Google Inc.,"Nathaniel Fairfield, Christopher Paul Urmson, Michael Steven Montemerlo",3/19/12,3/19/12,10/25/16,10/25/16,https://patents.google.com/patent/US9476970B1/en
CA1340464C,Method of producing superoxide dismutase in a bacterial cell ,"Haim Aviv, Daniel Bartfeld, Marian Gorecki, Jacob R. Hartman, Dov Kanner, Avigdor Levanon, Hilla Locker-Giladi, Amos B. Oppenheim, Bio-Technology General Corp., Savient Pharmaceuticals, Inc.","Haim Aviv, Daniel Bartfeld, Marian Gorecki, Jacob R. Hartman, Dov Kanner, Avigdor Levanon, Hilla Locker-Giladi, Amos B. Oppenheim",8/27/84,3/1/91,3/23/99,3/23/99,https://patents.google.com/patent/CA1340464C/en
EP2013934B1,Control apparatus for a fuel cell stack ,"Daimler AG, Ford Global Technologies, LLC","JÌ_rgen LEITZ, Ralf MÌÏLLER, JÌ_rgen HÌ_RMANN, Werner Belschner, Matthias Kugel",5/4/06,5/4/06,4/21/10,4/21/10,https://patents.google.com/patent/EP2013934B1/en
CN204406243U,Novel autonomic temperature-reduction frequency conversion cabinet ,"_ü_Œ__çÙ____ŒÎ_Œá´èâÁ_È__Ïä_ªêŒÉÂŒèü, _ü_Œ__çÙ____ŒÎ_Œá´èâÁ_È__Ïä_ªêŒÉÂŒèüèÄÏŒö©___çÓ¡Œö ŒÉÂŒèü____¡Ó__ è_Ò_ÛÈŒ_â","__÷ŒàÁ__è, _ù_Œ¨ä_üÉ, _ÈãèÀÏ___, ç_Ü•À_ŒÀÊ, Œ_Ê_ÎøŒÀÊ, _Ù«èç£_É_, Œê«_µá__¢, ŒÔ¬_äÀç__, Œ_ª_ÊÜ, Œ_äç_Á, Œö÷___, _ù¬ç_äŒÉÄ, _üÅ_÷_Œç_, _±Ù_È¬",2/11/15,2/11/15,6/17/15,6/17/15,https://patents.google.com/patent/CN204406243U/en
US20160103212A1,Detecting low-speed close-range vehicle cut-in ,"Ford Global Technologies, Llc","Nitendra Nath, Aaron L. Mills",10/8/14,10/8/14,4/14/16,,https://patents.google.com/patent/US20160103212A1/en
CN204864467U,Portable biofeedback relaxs training chair ,"_ü_Œ______¡Ôè_£_Ó_Œ __ÛÈŒÎÈ_ª¢, ŒÎÑ__Âèö»ŒçÇ__êç_Ô__Û_Ïä_ªêŒÉÂŒèü","Œ«Óç_¢, _Ä___Ô, _Ä__üù_öê, ŒÎÉ___, Œ_ÊŒáù_¥è, ____áÔç_ä",8/17/15,8/17/15,12/16/15,12/16/15,https://patents.google.com/patent/CN204864467U/en
US20160370194A1,Determining Pickup and Destination Locations for Autonomous Vehicles ,Google Inc.,"Peter Colijn, Joshua Seth Herbach, Matthew Paul McNaughton",6/22/15,6/22/15,12/22/16,,https://patents.google.com/patent/US20160370194A1/en
ES2266833T3,Device for adjusting the rotor blades of a wind energy turbine. ,General Electric Company,"Patrick Achenbach, Ulrich Uphues, Mutius Martin Von",4/26/02,4/28/03,3/1/07,3/1/07,https://patents.google.com/patent/ES2266833T3/en
US20150241226A1,Autonomous driving sensing system and method ,"Ford Global Technologies, Llc","Gerald H. Engelman, Alex Maurice Miller, Richard Lee Stephenson, Levasseur Tellis, Timothy D. Zwicky",2/24/14,1/19/15,8/27/15,,https://patents.google.com/patent/US20150241226A1/en
US20160339880A1,Method and device for operating a vehicle which is capable of autonomous driving ,"Ford Global Technologies, Llc","Thomas Svensson, Timothy JURKIW",5/22/15,5/20/16,11/24/16,,https://patents.google.com/patent/US20160339880A1/en
EP3091227A1,Autonomous yaw control for a wind turbine ,General Electric Company,"Paul O. Caffrey, Timothy Botsford Cribbs, Christopher Lee TSCHAPPATT, Willliam Borea NOTO, Joerg Middendorf",5/4/15,5/3/16,11/9/16,,https://patents.google.com/patent/EP3091227A1/en
CN200981208Y,Piston assembling clamp for well drilling diesel engine ,_ü_Œ__çÙ_ŒÎ___ Œ_¢èÄÏŒö©çÙ____ç¨Áçê Œ±Û_ü__µá_ÕÈ__¥_ÛÈŒÉÂŒèü,"_¥Â_Ñ__üÏ, _ªö_ªø_ü_, ŒÔ¬Œ¨è__Î, Œ_ÊŒêäŒ__, Œ_ª__äŒÊâ, Œá___Î",12/10/06,12/10/06,11/28/07,11/28/07,https://patents.google.com/patent/CN200981208Y/en
EP0595570A2,Navigation module for a semi-autonomous vehicle ,General Electric Company,"Mark Edward Dausch, Bernard Joseph Carey, Piero Patrone Bonissone",10/26/92,10/25/93,5/4/94,,https://patents.google.com/patent/EP0595570A2/en
US20160210382A1,Autonomous driving refined in virtual environments ,"Ford Global Technologies, Llc","Arthur Alaniz, Harpreetsingh Banvait, Ashley Elizabeth Micks, Vidya Nariyambut murali",1/21/15,11/19/15,7/21/16,,https://patents.google.com/patent/US20160210382A1/en
US20160009257A1,Vehicle parking system failure management ,"Ford Global Technologies, Llc","John P. Joyce, Scott J. Lauffer",7/11/14,3/20/15,1/14/16,,https://patents.google.com/patent/US20160009257A1/en
US20160210775A1,Virtual sensor testbed ,"Ford Global Technologies, Llc","Arthur Alaniz, Vidya Nariyambut murali, Ashley Elizabeth Micks, Harpreetsingh Banvait, Sneha Kadetotad",1/21/15,11/19/15,7/21/16,,https://patents.google.com/patent/US20160210775A1/en
CN204709213U,Prevent drop foot sick bed ,_ü_Œ______¡Ôè_£_Ó_Œ _ŒçÑ__ÂŒ _ŒÎ_ŒçÑ__Â_ÛÈŒÎÈ_ª¢,"ŒÔ¬Œ¬Ù, _ªöŒ¡è__Ô, ____ü_Œ¬Ù",6/15/15,6/15/15,10/21/15,10/21/15,https://patents.google.com/patent/CN204709213U/en
CN201438996U,In vitro abdominal respirator ,_ü_Œ______¡Ô___è£Éè__ŒøÙ_Ä¬_÷Ù_ÛÈŒÎÈ_ª¢,"__ø_ü_ç_Ô, Œö÷___Œç_, Œ_ª___, _¬__øÇŒ _, _±»èÎÏ, ç_ÜçÇÜç´´, _ÄÔ_ùª_ª¬, _©ÂçÇÜè_ù",6/30/09,6/30/09,4/21/10,4/21/10,https://patents.google.com/patent/CN201438996U/en
CN204287959U,Autonomous takeoff and landing system for fixed-wing unmanned aerial vehicle (UAV) ,_µá__¡èö»ç©__Û_çÓ¬è£ÉŒ_à_Ïä_ªêè«£_ÈÈŒÉÂŒèü,"èÄÁ__¢, Œ_Ê_÷____, _üÅçÔ_, ____ªÒ_±Ù, _üÅŒ__, _ù__Ä_, ç_Ü__êè_ä, è___ùª, Œ«Óç_Û_¥è, è«_èÀ÷_Ñ_, èµµ___è_É",11/3/14,11/3/14,4/22/15,4/22/15,https://patents.google.com/patent/CN204287959U/en
US20150269722A1,Optical route examination system and method ,General Electric Company,"Nidhi Naithani, Dattaraj Jagdish Rao, Scott Daniel Nelson, Nikhil Uday Naphade",3/18/14,9/8/14,9/24/15,,https://patents.google.com/patent/US20150269722A1/en
US20140006572A1,Systems and methods for automatic modification of device configuration values ,Google Inc.,Francesco Nerieri,6/28/12,3/15/13,1/2/14,,https://patents.google.com/patent/US20140006572A1/en
US20150100189A1,Vehicle-to-infrastructure communication ,"Ford Global Technologies, Llc","Levasseur Tellis, Farid Ahmed-Zaid, Joseph Edward Stinnett, Christopher Nave, Thomas Edward Pilutti, Timothy D. Zwicky, James A. Martell, Jerome Charles Ivan",10/7/13,10/7/13,4/9/15,,https://patents.google.com/patent/US20150100189A1/en
ES2500215T3,Procedure for the laying of a military bridge ,General Dynamics European Land Systems-Germany Gmbh,Lothar Emrich,6/5/07,5/15/08,9/30/14,9/30/14,https://patents.google.com/patent/ES2500215T3/en
CN205005084U,Sick bed wireless calling system ,_ü_Œ______¡Ôè_£_Ó_Œ _ç©_Œ __ÛÈŒÎÈ_ª¢,"Œ_ÊèÀ_Œ__, è¨üèÛÛèäø, _ù¬_ù__Ï_, ____«Ü, _Ä_Œ ____, _ù_Œ___ÊÜ, Œ_ªè__",7/16/15,7/16/15,1/27/16,1/27/16,https://patents.google.com/patent/CN205005084U/en
CA2115632C,Enclosed space air recycling device ,"James Kussener, Pierre Rouzies, Etat Francais Represente Par Le Delegue General Pour L'armement","James Kussener, Pierre Rouzies",2/15/93,2/14/94,5/10/05,5/10/05,https://patents.google.com/patent/CA2115632C/en
US20130202085A1,System and method for autonomous exposure detection by digital x-ray detector ,General Electric Company,"Scott William Petrick, Alan Dean Blomeyer, James Zhengshe Liu, Mark Joseph Alexander",2/3/12,2/3/12,8/8/13,,https://patents.google.com/patent/US20130202085A1/en
US20160273922A1,Method for operating an autonomous vehicle on a courier route ,"Ford Global Technologies, Llc",Frederic Stefan,3/19/15,3/16/16,9/22/16,,https://patents.google.com/patent/US20160273922A1/en
US20160050015A1,Gps time-aiding and frequency correction ,Google Technology Holdings LLC,"Timothy M. McCune, Michael E. Russell",8/12/14,8/12/14,2/18/16,,https://patents.google.com/patent/US20160050015A1/en
US20160362084A1,Autonomous vehicle theft prevention ,"Ford Global Technologies, Llc","Douglas Raymond Martin, Mark Anthony ROCKWELL",6/15/15,6/15/15,12/15/16,,https://patents.google.com/patent/US20160362084A1/en
US20160331973A1,Implantable hub and satellite system for neural recording and stimulation ,"The Charles Stark Draper Laboratory, Inc., The General Hospital Corporation","Jesse J. Wheeler, Philip D. Parks, James E. Moran, Lei H. Hamilton, Marc W. McConley, Sang CHIN, Alik S. Widge, Darin D. Dougherty, Emad N. Eskandar",5/15/15,5/13/16,11/17/16,,https://patents.google.com/patent/US20160331973A1/en
US20160131753A1,Adaptive Algorithms for Interrogating the Viewable Scene of an Automotive Radar ,Google Inc.,Adam Brown,2/27/13,1/13/16,5/12/16,,https://patents.google.com/patent/US20160131753A1/en
ES2554368T3,Method of operating a wind power plant during a grid loss in ,General Electric Company,Thomas Edenfeld,7/16/08,7/13/09,12/18/15,12/18/15,https://patents.google.com/patent/ES2554368T3/en
US20160121918A1,Method and system for stowing steering column in an autonomous vehicle ,"Ford Global Technologies, Llc",Erik William Soderlind,3/15/13,1/8/16,5/5/16,,https://patents.google.com/patent/US20160121918A1/en
US20160207528A1,Method for operating a driver assistance system to perform an autonomous parking maneuver ,"Ford Global Technologies, Llc","Frederic Stefan, Uwe Gussen, Christoph Arndt, Rainer Busch",1/15/15,1/13/16,7/21/16,,https://patents.google.com/patent/US20160207528A1/en
EP2993105A2,Optical route examination system and method ,General Electric Company,"Nidhi Naithani, Dattaraj Jagdish Rao, Scott Daniel Nelson, Nikhil Uday Naphade",9/8/14,9/7/15,3/9/16,,https://patents.google.com/patent/EP2993105A2/en
US20160304371A1,Subsurface water purification method ,General Electric Company,"Hua Wang, Zamir Alam, Daniella B. Mosqueda-Jimenez, Jose Luis Plasencia Cabanillas, Nicholas William Harcsar Adams, Jason Daniel Cadera",4/17/15,5/13/15,10/20/16,,https://patents.google.com/patent/US20160304371A1/en
CN2147667Y,Electric motor protector ,Œ__ŒàäçÓµ_Ï_çÓµŒª¬_ÛÈŒ_â,"Œ_Ê_÷_çÔ_, Œ_ÊŒ¡èŒ_á, _÷_ŒÀÑ_ª_",1/14/93,1/14/93,11/24/93,11/24/93,https://patents.google.com/patent/CN2147667Y/en
US20160161974A1,Acceleration and braking mechanism kit for a vehicle ,"Ford Global Technologies, Llc","Jeffry Michael Bledsoe, Darin R. Billot, Joseph Kinney, Jack Duncan",12/8/14,12/8/14,6/9/16,,https://patents.google.com/patent/US20160161974A1/en
US20150261219A1,Autonomous vehicle with automatic window shade ,"Ford Global Technologies, Llc","Mark A. Cuddihy, Thomas Edward Pilutti, Manoharprasad K. Rao, Andrew Waldis, Roger Arnold Trombley, Matthew Y. Rupp, Wilford Trent Yopp",3/13/14,3/13/14,9/17/15,,https://patents.google.com/patent/US20150261219A1/en
US20150235557A1,Autonomous vehicle handling annd performance adjustment ,"Ford Global Technologies, Llc","Gerald H. Engelman, Alex Maurice Miller, Richard Lee Stephenson, Levasseur Tellis, Timothy D. Zwicky",2/14/14,2/14/14,8/20/15,,https://patents.google.com/patent/US20150235557A1/en
US20150100191A1,Monitoring autonomous vehicle steering ,"Ford Global Technologies, Llc",Wilford Trent Yopp,10/9/13,10/9/13,4/9/15,,https://patents.google.com/patent/US20150100191A1/en
US20150253536A1,Autonomous vehicle with adaptive side view mirrors ,"Ford Global Technologies, Llc","Jialiang Le, Thomas Edward Pilutti, Manoharprasad K. Rao, Matthew Y. Rupp, Roger Arnold Trombley, Andrew Waldis",3/10/14,3/10/14,9/10/15,,https://patents.google.com/patent/US20150253536A1/en
EP0176377A1,"Autonomous supply device for an observation device, in particular one with a stereoscopic effect ",ETAT-FRANCAIS reprÌ©sentÌ© par le DELEGUE GENERAL POUR L'ARMEMENT (DPAG),"Fernande Lafonta, Paul Lafonta",8/16/84,7/25/85,4/2/86,,https://patents.google.com/patent/EP0176377A1/en
GB2526656A,Learning automated vehicle ,Ford Global Tech Llc,"Manoharprasad K Rao, Kwaku O Prakah-Asante",3/17/14,3/16/15,12/2/15,,https://patents.google.com/patent/GB2526656A/en
EP1868004A2,Associated device and method for measuring the magnetic signature of a ship ,ETAT-FRANCAIS reprÌ©sentÌ© par le DÌ©lÌ©guÌ© GÌ©nÌ©ral pour l' Armement,Marc Brussieux,6/9/06,6/7/07,12/19/07,,https://patents.google.com/patent/EP1868004A2/en
WO2012162110A1,Automated and intelligent structure design generation and exploration ,Google Inc.,"Eric Teller, Augusto Roman, Jennifer Carlile, Nicholas Chim, Bradley SCHUMITSCH",5/20/11,5/17/12,11/29/12,,https://patents.google.com/patent/WO2012162110A1/en
JPH06119035A,Controller for cleaning unmanned traveling vehicle ,"Fujitsu General Ltd, _Ê»Œ_è___ç__ŒøÎŒ£Ç_Û_‹â_‹Äç‹Ä©‹ÄÇ","Akihito Hoshino, Hiroshi Kono, Œø_ ŒÉä_à_, _÷_Œè_ _÷Ù_à_",10/8/92,10/8/92,4/28/94,,https://patents.google.com/patent/JPH06119035A/en
DE102006056888A1,DC / DC converter arrangement for the interconnection of a fuel cell device with an energy storage device and power supply system for a vehicle ,"Daimler Ag, Ford Global Technologies, LLC (n.d.Ges.d. Staates Delaware), Dearborn",JÌ_rgen Dipl.-Ing. Leitz,12/1/06,12/1/06,6/5/08,,https://patents.google.com/patent/DE102006056888A1/en
CN101701821A,Underground navigation device with positioning function and carry scraper ,ŒÎÑ__ÂçÙÀŒ _çÊÓç©__ÛÈ_ª¢,"ŒÔ¬_À____, Œ_êŒ¨Å, _ö÷Œàø, _ù_ŒÈ_Œ__, èÀÙ_«»__è",10/27/09,10/27/09,5/5/10,,https://patents.google.com/patent/CN101701821A/en
DE102013108000A1,Collision detection system with plausibility module ,"Ford Global Technologies, Llc",Aaron L. Mills,7/30/12,7/26/13,1/30/14,,https://patents.google.com/patent/DE102013108000A1/en
WO2014059078A1,Unsupervised content replay in live video ,Google Inc.,"Juhyun Lee, Ramesh Sarukkai",10/12/12,10/10/13,4/17/14,,https://patents.google.com/patent/WO2014059078A1/en
DE102012107654A1,"Belt-driven conveyor segment for e.g. clean manufacturing industry, has belt fixed with upper surface of upper idler wheels, where upper idler wheels, back wheels and return idler wheels are rotated in plane parallel to rails ","Middlesex General Industries, Inc.",George W. Horn,8/26/11,8/21/12,2/28/13,,https://patents.google.com/patent/DE102012107654A1/en
FR2911885A1,"Vehicle i.e. lorry, has autonomous public retaining device comprising grid fixed or pivoted around fixed points formed by axle, where fixed points are parallel to vehicle moving plane and are located at specific height ",France Etat,Jean Bernard Renou,1/29/07,1/29/07,8/1/08,,https://patents.google.com/patent/FR2911885A1/en
CN103869282A,Method and device for fast obtaining course angle of trackless vehicle in underground roadway environment ,"ŒÎÑ__ÂçÙÀŒ _çÊÓç©__ÛÈ_ª¢, ŒÎÑçÙÀ_Ï_çÓµç_Ô__Û_Ïä_ªêè«£_ÈÈŒÉÂŒèü","_ù_ŒÈ_Œ__, _ö÷Œàø, _Á__«»__¢, çÙ_Œ_¡, Œ øŒ_ùŒç_, _Ä__ÔÇ, _¨µè_¡ç_´, __ª_ª_ŒçÒ, _ù__ÅÕ_Û_",2/14/14,2/14/14,6/18/14,,https://patents.google.com/patent/CN103869282A/en
JPH06242825A,Autonomously travelling vehicle ,"Fujitsu General Ltd, _Ê»Œ_è___ç__ŒøÎŒ£Ç_Û_‹â_‹Äç‹Ä©‹ÄÇ","Akira Horibe, Shozaburo Iwabuchi, Hiroshi Kono, Hiroyuki Okudera, Nobuhiko Soejima, Œø_ ŒÉä_à_, _ÀÁŒ__ ŒäøŒ__, _÷_ ŒÊÛ_Ä¬, _µ©__Ü Œ´´Œø_, __£_üä_Ä_ Œ_©_ü¥",2/18/93,2/18/93,9/2/94,,https://patents.google.com/patent/JPH06242825A/en
JPH06289930A,Autonomous traveling vehicle ,"Fujitsu General Ltd, _Ê»Œ_è___ç__ŒøÎŒ£Ç_Û_‹â_‹Äç‹Ä©‹ÄÇ","Akira Horibe, Shozaburo Iwabuchi, Hiroyuki Okudera, Nobuhiko Soejima, _ÀÁŒ__ ŒäøŒ__, _÷_ ŒÊÛ_Ä¬, _µ©__Ü Œ´´Œø_, __£_üä_Ä_ Œ_©_ü¥",3/31/93,3/31/93,10/18/94,,https://patents.google.com/patent/JPH06289930A/en
CN103136629A,Real-time contextual KPI-based autonomous alerting agent ,_Û_çÓ¬çÓµ_¡ÓŒÉÂŒèü,"N.V.ç«¢Œö©_«_Œ_Ç, P.èµ__ä_è__, Œ_ÊŒäÔŒÜà, T.P.Œ_á_àÎŒ_Ñ, V.Y.è«ù__á__ø_±ä__øŒÙ_, E.J.__ç__Ñ, B.Œá«ç_Ñ, Œè_Œ_©çèä",11/23/11,11/23/12,6/5/13,,https://patents.google.com/patent/CN103136629A/en
CN103197675A,"Method of underground scooptram autonomous travel, obstacle avoidance motion control and target path planning ","ŒÎÑ__ÂçÙÀŒ _çÊÓç©__ÛÈ_ª¢, ŒÎÑçÙÀ_Ï_çÓµç_Ô__Û_Ïä_ªêè«£_ÈÈŒÉÂŒèü","çÙ_Œ_¡, _Á__«»__¢, _ö÷Œàø, Œ øŒ_ùŒç_, _Ä__ÔÇ, _ù_ŒÈ_Œ__, _¨µè_¡ç_´, _ªöŒ__",3/13/13,3/13/13,7/10/13,,https://patents.google.com/patent/CN103197675A/en
CN104078088A,Nuclear power station climbing robot system and method for detecting secondary side of steam generator ,"_ü_ç_ÔŒç__ÊüçÓµ__Û_ÏøçÊÓç©__ª¢_Ïä_ªêŒÉÂŒèü, _ü_Œ__ç_ÔŒ___ª¢_á±ŒÏ_ŒÉöèÀ___Û_ÏøçÊÓç©__ª¢, _ü_Œ__Œ_À_Êü__ Œ_¢_Ïä_ªêŒÉÂŒèü","Œö÷_ùÕ_ù_, Œê«__¡Œ¨à, èÔ£___è_É, ç_ÜŒ_____, _Èã__à_Ïä, _Õ±ŒÈ_Œç_, Œ_ªŒÅ´_Ò¬, __øçÁ¥, __ªŒ ¡, __ö_È_, ŒâÉçùÀŒçÀ, _âÒŒÀÑçà¥, _©ÂŒ_ _À_, __£çÇø",7/1/14,7/1/14,10/1/14,,https://patents.google.com/patent/CN104078088A/en
JPH0816243A,Method for controlling traveling of unmanned vehicle ,"Fujitsu General Ltd, _Ê»Œ_è___ç__ŒøÎŒ£Ç_Û_‹â_‹Äç‹Ä©‹ÄÇ","Satoshi Sakai, Nobuhiko Soejima, _ÀÁŒ__ ŒäøŒ__, èÅ¡ _ÉÕ__¥",6/30/94,6/30/94,1/19/96,,https://patents.google.com/patent/JPH0816243A/en
GB2525301A,Messaging via vehicle steering wheel ,Ford Global Tech Llc,"Christopher Attard, Shane Elwart, Jeff Allen Greenberg, Rajit Johri, John Patrick Joyce, Dev Singh Kochhar, Douglas Scott Rhode, John Shutko, Louis Tijerina, Eric Hongtei Tseng",3/10/14,3/6/15,10/21/15,,https://patents.google.com/patent/GB2525301A/en
GB2536549A,Virtual autonomous response testbed ,Ford Global Tech Llc,"Alaniz Arthur, Elizabeth Micks Ashley, Nariyambut Murali Vidya, Kadetotad Sneha, Banvait Harpreetsingh, J Jain Jinesh",1/21/15,1/21/16,9/21/16,,https://patents.google.com/patent/GB2536549A/en
GB2523898A,Walk-away vehicle shutdown ,Ford Global Tech Llc,"Shane Elwart, Walter Joseph Talamonti",2/7/14,2/3/15,9/9/15,,https://patents.google.com/patent/GB2523898A/en
DE102014223192A1,Autonomous vehicle with reconfigurable seats ,"Ford Global Technologies, Llc","Mark A. Cuddihy, Manoharprased K. Rao",11/20/13,11/13/14,5/21/15,,https://patents.google.com/patent/DE102014223192A1/en
JP2007181824A,Coating device and method for ophthalmic lens ,"Essilor Internatl Co General D'optique, ‹â¬‹âá‹Ä_‹Ä_‹ÄÇ  ‹â¢‹Ä_‹Ä ‹ÄÇ‹Ä_‹âá‹Ä_‹Ä_‹ÄÇ  ‹â_‹ÄÊ‹ÄÔ‹ÄÜ‹Ä_  ‹âü‹â_‹Äç‹Ä©‹ÄÇ  ‹Ää‹ÄÑ‹Ä ‹â_‹âø","Daniel Darmes, Yohann Felten, Noemie Lesartre, Gilles Menges, Dominique Rychel, ‹ÄÁ‹Ä_‹âü‹Ä´ ‹âü‹ÄÇ, ‹ÄÛ‹ÄÇ‹ÄÊ ‹ÄÛ‹ÄÜ‹â¬‹ÄÇ, ‹Ä»‹âá‹â_‹ÄÇ ‹Ää‹ÄÙ‹ÄÜ‹âø, ‹ÄÇ‹âµ‹ÄÇ‹Äö‹ÄÇ ‹Ä_‹â¬‹ÄÙ‹Ä_, ‹Ä¥‹â_‹ÄÇ‹Ä ‹Ä_ ‹Ä¬‹â¢‹Ä_",12/23/05,12/22/06,7/19/07,,https://patents.google.com/patent/JP2007181824A/en
GB2523908A,Semi-autonomous mode control ,Ford Global Tech Llc,"Thomas Edward Pilutti, Matthew Y Rupp, Roger Arnold Trombley, Andrew Waldis",2/28/14,2/26/15,9/9/15,,https://patents.google.com/patent/GB2523908A/en
DE102013213754A1,Method and apparatus for autonomous maneuvering of a motor vehicle ,"Ford Global Technologies, Llc",Joseph Urhahne,7/15/13,7/15/13,1/15/15,,https://patents.google.com/patent/DE102013213754A1/en
DE102014221821A1,Method and apparatus for supporting the operation of a designed for autonomous driving vehicle ,"Ford Global Technologies, Llc","Frederic Stefan, Christoph Arndt, Uwe Gussen",10/27/14,10/27/14,4/28/16,,https://patents.google.com/patent/DE102014221821A1/en
WO2017006081A1,Dynamic packet routing ,"Level 3 Communications Llc, FORD, Esther",Stewart BAMFORD,7/9/15,6/29/16,1/12/17,,https://patents.google.com/patent/WO2017006081A1/en
DE102015203737A1,Braking system and method for operating a brake system ,"Ford Global Technologies, Llc","Ian Moore, Marie PreuÌÙer",3/3/15,3/3/15,9/8/16,,https://patents.google.com/patent/DE102015203737A1/en
DE102011054258A1,Passive air / fuel premix chamber ,General Electric Company,"Grover Andrew Bennett, Matthew Patrick Boespflug, John Thomas Herbon, Giridhar Jothiprasad, Fengfeng Tao",12/10/10,10/6/11,6/14/12,,https://patents.google.com/patent/DE102011054258A1/en
DE102016205265A1,Method and apparatus for operating an SCR exhaust aftertreatment device ,"Ford Global Technologies, Llc","Frederik De Smet, Mario Balenovic, Martina Reichert",6/12/15,3/31/16,12/15/16,,https://patents.google.com/patent/DE102016205265A1/en
DE102015200044A1,Method and apparatus for supporting a ManÌ_vriervorganges a motor vehicle ,"Ford Global Technologies, Llc",Frederic Stefan,1/6/15,1/6/15,7/7/16,,https://patents.google.com/patent/DE102015200044A1/en
GB2533458A,Multi-stage airbag in vehicle with reconfigurable interior ,Ford Global Tech Llc,"K Rao Manoharprasad, Le Jialiang",10/6/14,10/5/15,6/22/16,,https://patents.google.com/patent/GB2533458A/en
GB2530136A,Failure management in a vehicle ,Ford Global Tech Llc,"John Patrick Joyce, Scott J Lauffer",7/11/14,7/3/15,3/16/16,,https://patents.google.com/patent/GB2530136A/en
GB2524384A,Autonomous control in a dense vehicle environment ,Ford Global Tech Llc,"Matthew Y Rupp, Gerald H Engelman, Alex Maurice Miller, Timothy D Zwicky, Levasseur Tellis, Richard Lee Stephenson",2/14/14,2/11/15,9/23/15,,https://patents.google.com/patent/GB2524384A/en
GB2533218A,Vehicle passenger identification ,Ford Global Tech Llc,"Crawford Mark, robert mcbride James, Elwart Shane, Cohen Schuyler",12/3/14,12/2/15,6/15/16,,https://patents.google.com/patent/GB2533218A/en
DE102014215096A1,Method and apparatus for autonomous maneuvering of a motor vehicle ,"Ford Global Technologies, Llc",Joseph Urhahne,7/31/14,7/31/14,2/4/16,,https://patents.google.com/patent/DE102014215096A1/en
EP0134737A1,Submarine suction cup of the low pressure by suction type ,ETAT-FRANCAIS reprÌ©sentÌ© par le DELEGUE GENERAL POUR L'ARMEMENT (DPAG),"Joel Beauchef, Yves Dezaunay",7/20/83,7/19/84,3/20/85,,https://patents.google.com/patent/EP0134737A1/en
WO2001004741A1,Automated work in process management system and method ,"Middlesex General Industries, Inc.","Adrian L. Pyke, Warren J. Clement, George W. Horn",7/9/99,7/10/00,1/18/01,,https://patents.google.com/patent/WO2001004741A1/en
DE102014221820A1,Method and apparatus for supporting the operation of a designed for autonomous driving vehicle ,"Ford Global Technologies, Llc","Frederic Stefan, Christoph Arndt, Uwe Gussen",10/27/14,10/27/14,4/28/16,,https://patents.google.com/patent/DE102014221820A1/en
DE102014219236A1,Autonomous vehicle-entertainment system ,"Ford Global Technologies, Llc","Mark A. Cuddihy, Manoharprasad K. Rao",9/30/13,9/24/14,4/2/15,,https://patents.google.com/patent/DE102014219236A1/en
DE102015202837A1,Error handling in an autonomous vehicle ,"Ford Global Technologies, Llc","Shane Elwart, Jeff Allen Greenberg, Rajit Johri, John P. Joyce, Dev Singh Kochhar, Christopher Attard, Doug Scott Rhode, John Shutko, Eric Hongtei Tseng",2/20/14,2/17/15,8/20/15,,https://patents.google.com/patent/DE102015202837A1/en
GB2525079A,Vehicle operator monitoring and operations adjustments ,Ford Global Tech Llc,"Fling Tseng, Hsin-Hsiang Yang, Kwaku O Prakah-Asante",2/28/14,2/26/15,10/14/15,,https://patents.google.com/patent/GB2525079A/en
DE102015120985A1,Trailer sensor module and associated method for wireless trailer identification and -bewegungsschÌ_tzung ,"Ford Global Technologies, Llc","Christos Kyrtsos, Thomas Edward Pilutti, Erick Michael Lavoie",12/8/14,12/2/15,6/9/16,,https://patents.google.com/patent/DE102015120985A1/en
GB2525739A,Adaptive suppression of vehicle restraint system ,Ford Global Tech Llc,"Gerald H Engelman, Alex Maurice Miller, Brian Robert Spahn, Richard Lee Stephenson, Levasseur Tellis, Timothy D Zwicky",3/17/14,3/16/15,11/4/15,,https://patents.google.com/patent/GB2525739A/en
CN104360687A,Multi-mode autonomous traveling control method for underground load-haul-dump ,"ŒÎÑ__ÂçÙÀŒ _çÊÓç©__ÛÈ_ª¢, ŒÎÑçÙÀ_Ï_çÓµç_Ô__Û_Ïä_ªêè«£_ÈÈŒÉÂŒèü","çÙ_Œ_¡, _Á__«»__¢, _ö÷Œàø, _ù_ŒÈ_Œ__, Œ øŒ_ùŒç_, _Ä__ÔÇ, Œ_ÏŒÜà, _ù__ÅÕ_Û_, _¨µè_¡ç_´, Œö÷_ÄÊ_ü_, __ª_ª_ŒçÒ, èµµçÈ_Œ__",11/6/14,11/6/14,2/18/15,,https://patents.google.com/patent/CN104360687A/en
JPH0764636A,Control method for autonomously traveling vehicle ,"Fujitsu General Ltd, _Ê»Œ_è___ç__ŒøÎŒ£Ç_Û_‹â_‹Äç‹Ä©‹ÄÇ","Akira Horibe, _÷_ ŒÊÛ_Ä¬",8/30/93,8/30/93,3/10/95,,https://patents.google.com/patent/JPH0764636A/en
CN104864868A,Integrated navigation method based on short-distance landmark ranging ,___ŒÎÑèö»Œ_©__Û_ÏøçÊÓç©__ª¢_ÛÈ__Òè¨_è¨Á_äÛ,"Œö÷_÷_, èÄÁŒç_Œ_¡, ŒÔ¬_µá, _ù__Ñ_, ç_Ñ__Ù, _ù¬ŒÉÄ__Ê",5/29/15,5/29/15,8/26/15,,https://patents.google.com/patent/CN104864868A/en
CN104925112A,Autonomous Vehicle With Reconfigurable Seats ,ç_èçä_ŒÉ¬çêÄ__Û_ÏøŒÉÂŒèü,"_©ÂŒÉÜåáAåáŒ_ÒèÀ»è´À, ŒÉÜ_àÎ__øŒ__Œ_Çåá_÷ÀŒÁÓŒ¡ÓŒ_á, _ù¡Œ_Çåáèä____åá_Ê___Ñ__ø_Ê_, _ÜäŒêäçä_åá__ÓçÔ_, _ö«_ü©Œ_áåáè__Œ_Çåáç_ÔŒÉÜŒÒöŒ¡Ó, __êŒ÷äèäø, _©Âèø_ŒÒö_ª¨_Üäèê¬Œ_áåáKåá_ÜäŒ´´, _©Â_À¨åáYåá_Üä_ª¨, ç__çÀ¡åáèöÕçä_ç_Ô, ç_Ñ_ù¡åá_÷Àèø_Œ_áåáçä__ÏÑŒüÄŒö©, _«»çä_åáŒÙÄ_àÎŒÉÜåá___, Œ¨äŒ_á__ÅåáçÒ_Œ¡ÓèÀ»__ø",3/20/14,3/19/15,9/23/15,,https://patents.google.com/patent/CN104925112A/en
CN105667504A,Autonomous vehicle cornering maneuver ,ç_èçä_ŒÉ¬çêÄ__Û_ÏøŒÉÂŒèü,"èâøŒ¡___øåáè©_Œ_ __øåáç±_ŒÜÕ, _±_Œ_ åáGåáè_±_÷âŒ É, _Àùç_ÑåáçèÛ_àÔ__ø, _ÅÒ_Ê__Üä__øåá__áèÕªŒ_áåá_©Â_üÅ",12/9/14,11/24/15,6/15/16,,https://patents.google.com/patent/CN105667504A/en
FR2725867A1,Source autonomous acoustic tomography for the oceans ,France Etat,"Alain Scarpitta, Didier Boucher, Lauzer Francois Regis Martin, Francois Evennou, Thierry Wintz",10/13/94,10/13/94,4/19/96,,https://patents.google.com/patent/FR2725867A1/en
CN105551343A,Singing teaching method and system ,"ç_èŒÈ__÷Ùç_Ôè_ _÷Ò_ÀÁ_Åøç_ÈçÈÙ_Ïä_ªêŒÉÂŒèü, _ÛÈŒê_ŒÜ__Ä¬_ÓÀ__È_Ä¬__àŒÎ_Œá´__ÏŒÕÎç_ÔçÈÏŒ¨£__Ê_¥ªèâ__ü_ŒÀÄ","_ù_çÈççÇÊ, _Èãèª_, Œ_ªè_É, èÜÙèáø, Œö÷èä____, _Ä_Œ_¡, Œ_ÊŒ_©Œ__, ç_Ü_öê, Œ_êçÈ_è_ü",11/23/15,11/23/15,5/4/16,,https://patents.google.com/patent/CN105551343A/en
JPH0756632A,Autonomous traveling vehicle ,"Fujitsu General Ltd, _Ê»Œ_è___ç__ŒøÎŒ£Ç_Û_‹â_‹Äç‹Ä©‹ÄÇ","Akira Horibe, _÷_ ŒÊÛ_Ä¬",8/9/93,8/9/93,3/3/95,,https://patents.google.com/patent/JPH0756632A/en
CN105795512A,Cigarette roller and cigarette rolling method thereof ,ŒÒöŒ¡Ó_È¬Œ_©èª_çÈ_ŒêöŒ¥ Œ_Ñ,Œ_ª_áÔèÜ±,12/31/14,12/31/14,7/27/16,,https://patents.google.com/patent/CN105795512A/en
JPH06119039A,Controller for unmanned travel vehicle ,"Fujitsu General Ltd, _Ê»Œ_è___ç__ŒøÎŒ£Ç_Û_‹â_‹Äç‹Ä©‹ÄÇ","Akihito Hoshino, Hiroshi Kono, Œø_ ŒÉä_à_, _÷_Œè_ _÷Ù_à_",10/8/92,10/8/92,4/28/94,,https://patents.google.com/patent/JPH06119039A/en
CN104565320A,Autonomous lubricating device of launching vehicle reducer ,_ü__µáèö»Œ_©è¨_Œ_àŒö__ÛÊ_ÛÈŒ_â,"çª_Œ____Ù, __ÓŒà___Î, _Ä_çÇÜ_ù¡, ç_Ü_±Ù, ç_ÜŒçÒ, Œ__ç_èŒ_ü",10/23/13,10/23/13,4/29/15,,https://patents.google.com/patent/CN104565320A/en
CN105222770A,Boundary-based tobacco field unmanned aerial vehicle autonomous navigation algorithm ,_ü_Œ__çÄÙèçä_ÛÈŒÉÂŒèüŒ_À_üÏçÏÅŒÉÂŒèü,_ªö_____è,8/31/15,8/31/15,1/6/16,,https://patents.google.com/patent/CN105222770A/en
CN104423385A,Autonomous driving in areas for non-drivers ,ç_èçä_ŒÉ¬çêÄ__Û_ÏøŒÉÂŒèü,Œ¬ÅŒ¡Óç_èŒ_áåáçä____çä_åáç___ª¨,9/5/13,9/5/14,3/18/15,,https://patents.google.com/patent/CN104423385A/en
CN104442711A,Autonomous vehicle window clearing system and readable medium ,ç_èçä_ŒÉ¬çêÄ__Û_ÏøŒÉÂŒèü,"Œ¬ÅŒ¡Óç_èŒ_áåáçä____çä_åáç___ª¨, _©ÂŒÉÜåáèä____åáŒö©_ª¨___",9/25/13,9/25/14,3/25/15,,https://patents.google.com/patent/CN104442711A/en
CN104965424A,Underground scraper fixed-point unloading autonomous control system ,"ŒÎÑ__ÂçÙÀŒ _çÊÓç©__ÛÈ_ª¢, ŒÎÑçÙÀ_Ï_çÓµç_Ô__Û_Ïä_ªêè«£_ÈÈŒÉÂŒèü","_ù_ŒÈ_Œ__, _ö÷Œàø, _ù__ÅÕ_Û_, _¨µè_¡ç_´, Œ_ÏŒÜà, _Ä__ÔÇ, çÙ_Œ_¡",6/17/15,6/17/15,10/7/15,,https://patents.google.com/patent/CN104965424A/en
JPH0667721A,Controller for unmanned running car ,"Fujitsu General Ltd, _Ê»Œ_è___ç__ŒøÎŒ£Ç_Û_‹â_‹Äç‹Ä©‹ÄÇ","Akihito Hoshino, Hiroshi Kono, Œø_ ŒÉä_à_, _÷_Œè_ _÷Ù_à_",8/19/92,8/19/92,3/11/94,,https://patents.google.com/patent/JPH0667721A/en
CN105433909A,"Vestibule balance function examining, acclimatizing and correcting device ",_ü_Œ______¡Ôè_£_Ó_Œ _ç©_Œ __ÛÈŒÎÈ_ª¢,"ç_ÜŒÈ__÷Î, Œç¥ŒüÎŒ_Å, Œ_êŒÉöèç£, _â_ŒÀÑŒ_á, _àÔŒçÊŒ__, Œ_Ê_¥Â___",12/29/15,12/29/15,3/30/16,,https://patents.google.com/patent/CN105433909A/en
JP2000032540A,System for allocating radio resources in multiservice mobile radio communication cellular system ,"Alcatel Alsthom Co General Electricite, ‹â¢‹ÄÇ‹âÇ‹Ä ‹ÄÇ","Michael Roberts, ‹Ä_‹â_‹â±‹ÄÇ‹ÄÈ‹Ä_‹Äê‹Ä_‹Äã",6/4/98,6/3/99,1/28/00,,https://patents.google.com/patent/JP2000032540A/en
CN104778056A,Autonomous global software update ,ç_èçä_ŒÉ¬çêÄ__Û_ÏøŒÉÂŒèü,"ç__çÔÙŒ_Çåá_Àùç_Ñåá_«_ŒÉÜ, ŒüÄè_±_Å©åáŒ__Œ_Ñ_£¨, çÔ_ŒÁÓ_ÈÛåá__÷èÀ»___, _ª¨_Üä__àåá____Üä__¥èÕâ",1/9/14,1/9/15,7/15/15,,https://patents.google.com/patent/CN104778056A/en
CN2113499U,Single microcomputer well measuring ground apparatus by radioactivity ,è´ÀŒ¨äçÙ____ŒÜ÷__¢_È»Œª¬_ÛÈŒ_â,èÄÁçö±Œê_,3/2/92,3/2/92,8/19/92,,https://patents.google.com/patent/CN2113499U/en
CN105509576A,Missile warhead ,___ŒÎÑèö»Œ_©__Û_ÏøçÊÓç©__ª¢_ÛÈ__Òè¨_è¨Á_äÛ,"___Œ¨è__Ù, _´_Œ_©__¨, ____Ï___Ñ",11/19/15,11/19/15,4/20/16,,https://patents.google.com/patent/CN105509576A/en
ES8700321A1,"New expression vectors contg. lambda p1 promoter - with engineered restriction site for replacing ribosomal binding site to improve expression of enzymes, hormones etc. ",Bio Technology General Corp,,8/27/84,8/26/85,1/1/87,,https://patents.google.com/patent/ES8700321A1/en
CA2235124A1,Self-contained device for chemically producing high-pressurebreathing oxygen ,"France Etat, Poudres & Explosifs Ste Nale","Patrick Evrard, Francois Lavoix",10/20/95,10/16/96,5/1/97,,https://patents.google.com/patent/CA2235124A1/en